<soapenv:Envelope xmlns:soapenv="http://schemas.xmlsoap.org/soap/envelope/" xmlns:wsdl="http://wsdl.hastane.claimer.compugroup.com" xmlns:has="http://hastane.claimer.compugroup.com">
   <soapenv:Header/>
   <soapenv:Body>
      <ns3:ProvizyonTalep xmlns:ns1="http://hastane.claimer.compugroup.com" xmlns:ns3="http://wsdl.hastane.claimer.compugroup.com">
         <ns1:Kurum>
            <ns1:KurumKodu>514177</ns1:KurumKodu>
            <ns1:SifreBilgileri>
               <ns1:KurumSifre>12345678</ns1:KurumSifre>
            </ns1:SifreBilgileri>
            <ns1:IslemYapanKisi>J98079</ns1:IslemYapanKisi>
            <ns1:SigortaSirketiKodu>allianz</ns1:SigortaSirketiKodu>
         </ns1:Kurum>
         <ns1:TalepSigortaliBilgileri>
            <ns1:SigortaliNumaraListesi>
               <SigortaliNumarasi>0001071002968094-1</SigortaliNumarasi>
               <SigortaliNumaraTipi>PoliceNo</SigortaliNumaraTipi>
            </ns1:SigortaliNumaraListesi>
            <ns1:SigortaliNumaraListesi>
               <SigortaliNumarasi>23444529036</SigortaliNumarasi>
               <SigortaliNumaraTipi>TcKimlikNo</SigortaliNumaraTipi>
            </ns1:SigortaliNumaraListesi>
            <ns1:SigortaliNumaraListesi>
               <SigortaliNumarasi>8360873</SigortaliNumarasi>
               <SigortaliNumaraTipi>SigortaliKartNo</SigortaliNumaraTipi>
            </ns1:SigortaliNumaraListesi>
         </ns1:TalepSigortaliBilgileri>
         <ns1:DoktorBilgileri>
            <ns1:AdSoyad>NESLIHAN KURTULMUS</ns1:AdSoyad>
            <ns1:Unvan>Prof</ns1:Unvan>
            <ns1:Brans>1800</ns1:Brans>
            <ns1:KadroDurumu>Kadrolu</ns1:KadroDurumu>
            <ns1:TcKimlikNo>10532772962</ns1:TcKimlikNo>
            <ns1:DiplomaTescilNo>59347</ns1:DiplomaTescilNo>
            <ns1:DoktorTipi>TTFormunuDolduran</ns1:DoktorTipi>
         </ns1:DoktorBilgileri>
         <ns1:MedikalBilgiler>
            <ns1:BasvuruTipi>Diger</ns1:BasvuruTipi>
            <ns1:HastaKabulTarihi>2019-04-05T09:57:19.000+03:00</ns1:HastaKabulTarihi>
            <ns1:TedaviTipi YatisliDurumu="Yatissiz"/>
            <ns1:Tani>
               <ns1:TaniAdi>Hipotroidizm. tanimlanmamis</ns1:TaniAdi>
               <ns1:Kod>E03.9</ns1:Kod>
               <ns1:TaniTuru>OnTani</ns1:TaniTuru>
            </ns1:Tani>
            <ns1:Tani>
               <ns1:TaniAdi>Osteoporoz. tanimlanmamis</ns1:TaniAdi>
               <ns1:Kod>M81.9</ns1:Kod>
               <ns1:TaniTuru>OnTani</ns1:TaniTuru>
            </ns1:Tani>
            <ns1:Tani>
               <ns1:TaniAdi>Hipofiz bezinin bozukluklari. tanimlanmamis</ns1:TaniAdi>
               <ns1:Kod>E23.7</ns1:Kod>
               <ns1:TaniTuru>OnTani</ns1:TaniTuru>
            </ns1:Tani>
            <ns1:HizmetBilgileri>
               <ns1:HizmetBazliIslemBilgileri>
                  <ns1:Ad>Boyun Yumu??ak Doku BT (Kontrastl??)</ns1:Ad>
                  <ns1:IslemKod ns1:IslemListeTuru="Diger">151_10_1032</ns1:IslemKod>
                  <ns1:TalepEdilenTutar>1730.14</ns1:TalepEdilenTutar>
                  <ns1:IslemZamanBilgisi>
                     <ns1:IsleminYapilacagiTarih>2019-04-05+03:00</ns1:IsleminYapilacagiTarih>
                  </ns1:IslemZamanBilgisi>
                  <ns1:SiraNo>45-70216536-450054-1</ns1:SiraNo>
                  <ns1:SagSol>Hicbiri</ns1:SagSol>
               </ns1:HizmetBazliIslemBilgileri>
            </ns1:HizmetBilgileri>
            <ns1:HizmetBilgileri>
               <ns1:HizmetBazliIslemBilgileri>
                  <ns1:Ad>Toraks BT (Kontrastl??)</ns1:Ad>
                  <ns1:IslemKod ns1:IslemListeTuru="Diger">151_10_1034</ns1:IslemKod>
                  <ns1:TalepEdilenTutar>1977.31</ns1:TalepEdilenTutar>
                  <ns1:IslemZamanBilgisi>
                     <ns1:IsleminYapilacagiTarih>2019-04-05+03:00</ns1:IsleminYapilacagiTarih>
                  </ns1:IslemZamanBilgisi>
                  <ns1:SiraNo>45-70216536-450054-2</ns1:SiraNo>
                  <ns1:SagSol>Hicbiri</ns1:SagSol>
               </ns1:HizmetBazliIslemBilgileri>
            </ns1:HizmetBilgileri>
            <ns1:Sarf>
               <ns1:Ad>Valfli Ara Baglanti Seti. 35cm. Medispo. MD850035v</ns1:Ad>
               <ns1:Adet>1</ns1:Adet>
               <ns1:Fiyat>24.82</ns1:Fiyat>
               <ns1:SarfTuru>Malzeme</ns1:SarfTuru>
               <ns1:Barkod>8698931810007</ns1:Barkod>
               <ns1:IslemKod ns1:IslemListeTuru="CariListe">61227347</ns1:IslemKod>
               <IslemZamanBilgisi>
                  <ns1:IsleminYapilacagiTarih>2019-04-05+03:00</ns1:IsleminYapilacagiTarih>
                  <ns1:IslemSaati>10:01</ns1:IslemSaati>
               </IslemZamanBilgisi>
               <ns1:SiraNo>45-70216536-450054-3</ns1:SiraNo>
            </ns1:Sarf>
            <ns1:Sarf>
               <ns1:Ad>Hasta Baglanti Hatti. Stellant. 250cm. Medrad. SPD 250</ns1:Ad>
               <ns1:Adet>1</ns1:Adet>
               <ns1:Fiyat>18.52</ns1:Fiyat>
               <ns1:SarfTuru>Malzeme</ns1:SarfTuru>
               <ns1:Barkod>00616258007670</ns1:Barkod>
               <ns1:IslemKod ns1:IslemListeTuru="CariListe">61509205</ns1:IslemKod>
               <IslemZamanBilgisi>
                  <ns1:IsleminYapilacagiTarih>2019-04-05+03:00</ns1:IsleminYapilacagiTarih>
                  <ns1:IslemSaati>10:01</ns1:IslemSaati>
               </IslemZamanBilgisi>
               <ns1:SiraNo>45-70216536-450054-5</ns1:SiraNo>
            </ns1:Sarf>
            <ns1:Sarf>
               <ns1:Ad>Hasta Enjeksiyon Seti. Stellant. Medrad. SDS MP1</ns1:Ad>
               <ns1:Adet>1</ns1:Adet>
               <ns1:Fiyat>62.26</ns1:Fiyat>
               <ns1:SarfTuru>Malzeme</ns1:SarfTuru>
               <ns1:Barkod>00616258007687</ns1:Barkod>
               <ns1:IslemKod ns1:IslemListeTuru="CariListe">61509204</ns1:IslemKod>
               <IslemZamanBilgisi>
                  <ns1:IsleminYapilacagiTarih>2019-04-05+03:00</ns1:IsleminYapilacagiTarih>
                  <ns1:IslemSaati>10:01</ns1:IslemSaati>
               </IslemZamanBilgisi>
               <ns1:SiraNo>45-70216536-450054-6</ns1:SiraNo>
            </ns1:Sarf>
            <ns1:Sarf>
               <ns1:Ad>Omnipaque 350 100 ml 1 Flakon</ns1:Ad>
               <ns1:Adet>1</ns1:Adet>
               <ns1:Fiyat>118.71</ns1:Fiyat>
               <ns1:SarfTuru>Ilac</ns1:SarfTuru>
               <ns1:Barkod>8699688771559</ns1:Barkod>
               <ns1:IslemKod ns1:IslemListeTuru="CariListe">13020478</ns1:IslemKod>
               <IslemZamanBilgisi>
                  <ns1:IsleminYapilacagiTarih>2019-04-05+03:00</ns1:IsleminYapilacagiTarih>
                  <ns1:IslemSaati>10:03</ns1:IslemSaati>
               </IslemZamanBilgisi>
               <ns1:SiraNo>45-70216536-450054-7</ns1:SiraNo>
            </ns1:Sarf>
            <ns1:HastaBilgiFormu>
               <ns1:Sikayet>Yok</ns1:Sikayet>
               <ns1:SikayetBaslangicTarihi>2019-04-05+03:00</ns1:SikayetBaslangicTarihi>
               <ns1:Ozgecmis>...</ns1:Ozgecmis>
               <ns1:OzgecmisDetayBilgileri>
                  <ns1:GecirdigiHastaliklar>false</ns1:GecirdigiHastaliklar>
                  <ns1:AmeliyatGecmisi>.</ns1:AmeliyatGecmisi>
                  <ns1:KanVeKanTrans>false</ns1:KanVeKanTrans>
                  <ns1:SurekliKullandigiIlaclar>false</ns1:SurekliKullandigiIlaclar>
                  <ns1:OzgecmisNotu>.</ns1:OzgecmisNotu>
                  <ns1:SigaraKullanimi>false</ns1:SigaraKullanimi>
                  <ns1:AlkolKullanimi>false</ns1:AlkolKullanimi>
                  <ns1:OzelDurumNotu>.</ns1:OzelDurumNotu>
                  <ns1:AllerjisiVarMi>false</ns1:AllerjisiVarMi>
               </ns1:OzgecmisDetayBilgileri>
               <ns1:Soygecmis>Hipertansiyon Annede: Yok   Hipertansiyon Babada: Yok   Hipertansiyon Erkek kardeslerde: Yok   Hipertansiyon Kiz kardeslerde: Yok   Kalpdamar hastaliklari Annede: Yok   Kalpdamar hastaliklari Babada: Yok   Kalpdamar hastaliklari Erkek kardeslerde: Yok   Kalpdamar hastaliklari Kiz kardeslerde: Yok   Kanser Annede: Yok   Kanser Babada: Yok   Kanser Erkek kardes: Yok   Kanser Kiz kardes: Yok   Diabetes Mellitus Annede: Yok   Diabetes Mellitus Babada: Var   Diabetes Mellitus Erkek Kardeslerde: Yok   Diabetes Mellitus Kiz Kardeslerde: Yok   Kan Hastaliklari Annede: Yok   Kan Hastaliklari Babada: Yok   Kan Hastaliklari Erkek Kardeslerde: Yok   Kan Hastaliklari Kiz Kardeslerde: Yok</ns1:Soygecmis>
               <ns1:FizikMuayeneBulgulari>yok</ns1:FizikMuayeneBulgulari>
               <ns1:SonAdetTarihi>2019-04-05+03:00</ns1:SonAdetTarihi>
               <ns1:TrafikKazasi>false</ns1:TrafikKazasi>
               <ns1:AdliVaka>false</ns1:AdliVaka>
               <ns1:Acil>false</ns1:Acil>
               <ns1:KabulTipi>Poliklinik</ns1:KabulTipi>
               <ns1:TravmaVakasi>false</ns1:TravmaVakasi>
            </ns1:HastaBilgiFormu>
         </ns1:MedikalBilgiler>
         <ns1:SgkBilgileri SgkKullanilmaDurumu="false"/>
      </ns3:ProvizyonTalep>
   </soapenv:Body>
</soapenv:Envelope>