<soapenv:Envelope xmlns:soapenv="http://schemas.xmlsoap.org/soap/envelope/" xmlns:wsdl="http://wsdl.hastane.claimer.compugroup.com" xmlns:has="http://hastane.claimer.compugroup.com">
   <soapenv:Header/>
   <soapenv:Body>
      <ns3:ProvizyonTalep xmlns:ns1="http://hastane.claimer.compugroup.com" xmlns:ns3="http://wsdl.hastane.claimer.compugroup.com">
         <ns1:Kurum>
            <ns1:KurumKodu>504655</ns1:KurumKodu>
            <ns1:SifreBilgileri>
               <ns1:KurumSifre>12345678</ns1:KurumSifre>
            </ns1:SifreBilgileri>
            <ns1:IslemYapanKisi>Merve Yılmaz2</ns1:IslemYapanKisi>
            <ns1:SigortaSirketiKodu>allianz</ns1:SigortaSirketiKodu>
         </ns1:Kurum>
         <ns1:TalepSigortaliBilgileri>
            <ns1:SigortaliNumaraListesi>
               <SigortaliNumarasi>24413738978</SigortaliNumarasi>
               <SigortaliNumaraTipi>TcKimlikNo</SigortaliNumaraTipi>
            </ns1:SigortaliNumaraListesi>
            <ns1:SigortaliNumaraListesi>
               <SigortaliNumarasi>0001071002937948-5</SigortaliNumarasi>
               <SigortaliNumaraTipi>PoliceNo</SigortaliNumaraTipi>
            </ns1:SigortaliNumaraListesi>
            <ns1:SigortaliNumaraListesi>
               <SigortaliNumarasi>9085947</SigortaliNumarasi>
               <SigortaliNumaraTipi>SigortaliKartNo</SigortaliNumaraTipi>
            </ns1:SigortaliNumaraListesi>
            <ns1:Ad>CAN ??AHAP</ns1:Ad>
            <ns1:Soyad>KARS</ns1:Soyad>
            <ns1:CepTelefonu>5322130438</ns1:CepTelefonu>
         </ns1:TalepSigortaliBilgileri>
         <ns1:YakinlikBilgileri>
            <ns1:Ad>HALUK</ns1:Ad>
            <ns1:Soyad>KARS</ns1:Soyad>
            <ns1:Cinsiyet>e</ns1:Cinsiyet>
            <ns1:Yakinlik>Cocuk</ns1:Yakinlik>
            <ns1:CepTelefonu>5322130438</ns1:CepTelefonu>
         </ns1:YakinlikBilgileri>
         <ns1:DoktorBilgileri>
            <ns1:AdSoyad>Deniz Sema Maktav ??elikmen</ns1:AdSoyad>
            <ns1:Unvan>Uzm</ns1:Unvan>
            <ns1:Brans>1000</ns1:Brans>
            <ns1:KadroDurumu>Kadrolu</ns1:KadroDurumu>
            <ns1:TcKimlikNo>36685640514</ns1:TcKimlikNo>
            <ns1:DiplomaTescilNo>138562</ns1:DiplomaTescilNo>
            <ns1:DoktorTipi>TTFormunuDolduran</ns1:DoktorTipi>
         </ns1:DoktorBilgileri>
         <ns1:MedikalBilgiler>
            <ns1:BasvuruTipi>Diger</ns1:BasvuruTipi>
            <ns1:HastaKabulTarihi>2019-04-04T15:25:00.000+03:00</ns1:HastaKabulTarihi>
            <ns1:TedaviTipi YatisliDurumu="Yatissiz"/>
            <ns1:Tani>
               <ns1:TaniAdi>Karbonhidrat metabolizmas??n??n di??er bozukluklar??</ns1:TaniAdi>
               <ns1:Kod>E74</ns1:Kod>
               <ns1:TaniTuru>OnTani</ns1:TaniTuru>
            </ns1:Tani>
            <ns1:Tani>
               <ns1:TaniAdi>Ya??l?? karaci??er, ba??ka yerde s??n??flanmam????</ns1:TaniAdi>
               <ns1:Kod>K76.0</ns1:Kod>
               <ns1:TaniTuru>OnTani</ns1:TaniTuru>
            </ns1:Tani>
            <ns1:Tani>
               <ns1:TaniAdi>G??????s a??r??s??, Di??er</ns1:TaniAdi>
               <ns1:Kod>R07.3</ns1:Kod>
               <ns1:TaniTuru>OnTani</ns1:TaniTuru>
            </ns1:Tani>
            <ns1:HizmetBilgileri>
               <ns1:HizmetBazliIslemBilgileri>
                  <ns1:Ad>T??m Abdomen Us</ns1:Ad>
                  <ns1:IslemKod ns1:IslemListeTuru="Diger">60_39_166</ns1:IslemKod>
                  <ns1:DoktorBilgileri>
                     <ns1:AdSoyad>Deniz Sema Maktav ??elikmen</ns1:AdSoyad>
                     <ns1:Unvan>Uzm</ns1:Unvan>
                     <ns1:Brans>1000</ns1:Brans>
                     <ns1:KadroDurumu>Kadrolu</ns1:KadroDurumu>
                     <ns1:TcKimlikNo>36685640514</ns1:TcKimlikNo>
                     <ns1:DiplomaTescilNo>138562</ns1:DiplomaTescilNo>
                     <ns1:DoktorTipi>TTFormunuDolduran</ns1:DoktorTipi>
                  </ns1:DoktorBilgileri>
                  <ns1:TalepEdilenTutar>297.432</ns1:TalepEdilenTutar>
                  <ns1:SgkTarafindanKarsilananTutar>0.0</ns1:SgkTarafindanKarsilananTutar>
                  <ns1:IslemZamanBilgisi>
                     <ns1:IsleminYapilacagiTarih>2019-04-04+03:00</ns1:IsleminYapilacagiTarih>
                     <ns1:IslemSaati>15:53</ns1:IslemSaati>
                  </ns1:IslemZamanBilgisi>
                  <ns1:SiraNo>55173447</ns1:SiraNo>
                  <ns1:Aciklama>
                     <ns1:StringValue/>
                  </ns1:Aciklama>
               </ns1:HizmetBazliIslemBilgileri>
            </ns1:HizmetBilgileri>
            <ns1:HastaBilgiFormu>
               <ns1:Sikayet>SA?? KARIN ??ST B??LGEDE SIKI??MA H??SS??, NEFES DARLI??I,</ns1:Sikayet>
               <ns1:SikayetBaslangicTarihi>2019-04-04+03:00</ns1:SikayetBaslangicTarihi>
               <ns1:Ozgecmis>HS</ns1:Ozgecmis>
               <ns1:OzgecmisDetayBilgileri>
                  <ns1:GecirdigiHastaliklar>false</ns1:GecirdigiHastaliklar>
                  <ns1:KanVeKanTrans>false</ns1:KanVeKanTrans>
                  <ns1:SurekliKullandigiIlaclar>true</ns1:SurekliKullandigiIlaclar>
                  <ns1:OzgecmisNotu/>
                  <ns1:SigaraKullanimi>false</ns1:SigaraKullanimi>
                  <ns1:AlkolKullanimi>false</ns1:AlkolKullanimi>
                  <ns1:OzelDurumNotu/>
                  <ns1:AllerjisiVarMi>true</ns1:AllerjisiVarMi>
               </ns1:OzgecmisDetayBilgileri>
               <ns1:Soygecmis>ANNE HT</ns1:Soygecmis>
               <ns1:FizikMuayeneBulgulari>KARAC????ER ALT KOSATA ALTINDA PALP...HM+ 
SS DO??AL, ??F??R??M YOK</ns1:FizikMuayeneBulgulari>
               <PoliklinikKayitlari>
                  <ns1:PoliklinikKayitBilgileri>
                     <ns1:Brans>1000</ns1:Brans>
                     <ns1:PoliklinikKayitTarihi>2019-04-04+03:00</ns1:PoliklinikKayitTarihi>
                  </ns1:PoliklinikKayitBilgileri>
                  <ns1:KayitIcerikBilgileri>
                     <ns1:Icerik>Poliklinik</ns1:Icerik>
                  </ns1:KayitIcerikBilgileri>
               </PoliklinikKayitlari>
               <ns1:Hikayesi>1 YIL ??NCE USG'DE GRADE 2HS SAPTANMI??, IR NEDEN??YLE 6 AYDIR D??AFORMIN 2X1 KULLANIYOR ..."FAST??NG D??YET" YAPIYOR.</ns1:Hikayesi>
               <ns1:TrafikKazasi>false</ns1:TrafikKazasi>
               <ns1:AdliVaka>false</ns1:AdliVaka>
               <ns1:Acil>false</ns1:Acil>
               <ns1:KabulTipi>Poliklinik</ns1:KabulTipi>
            </ns1:HastaBilgiFormu>
         </ns1:MedikalBilgiler>
         <ns1:SgkBilgileri SgkKullanilmaDurumu="false">
            <ns1:SgkTarafindanKarsilanacakToplamTutar>0.0</ns1:SgkTarafindanKarsilanacakToplamTutar>
         </ns1:SgkBilgileri>
         <ns1:ProvizyonOnProvizyonAlinmakIstenenTarih>2019-04-04T15:58:45.915+03:00</ns1:ProvizyonOnProvizyonAlinmakIstenenTarih>
      </ns3:ProvizyonTalep>
   </soapenv:Body>
</soapenv:Envelope>