<S:Envelope xmlns:S="http://schemas.xmlsoap.org/soap/envelope/">
   <S:Body>
      <ns3:ProvizyonVeOnProvizyonCevap xmlns:ns3="http://wsdl.hastane.claimer.compugroup.com" xmlns:ns2="http://hastane.claimer.compugroup.com">
         <ns3:HastaneTalepCevap>
            <ns3:ProvizyonSonucBilgisi>
               <ns2:TalepDurumu>
                  <ns2:TalepDurumuKod>Isleniyor</ns2:TalepDurumuKod>
                  <ns2:Aciklama>
                     <ns2:StringValue>Aylik Tutar Kisiti</ns2:StringValue>
                  </ns2:Aciklama>
                  <ns2:Aciklama>
                     <ns2:StringValue>İslem tutar kontrolu ! NW anlasmali tutari belli olmayan islem mevcuttur</ns2:StringValue>
                  </ns2:Aciklama>
                  <ns2:Aciklama>
                     <ns2:StringValue>Otorizasyon gerektiren işlem seçimi</ns2:StringValue>
                  </ns2:Aciklama>
                  <ns2:Aciklama>
                     <ns2:StringValue>DOSYAYA AİT FAX GÖNDERİLMESİ GEREKMEKTEDİR
- AYAKTA TEDAVI TALEPLERINIZ IÇIN "HASTA BILGI FORMU", "TETKIK ISTEM FORMU" VE VARSA TETKIK SONUÇLARINI, "EKSIK EVRAK FORMU" VEYA "FAX GÖNDERIM FORMU" ESLIGINDE TARAFIMIZA GÖNDERINIZ.
- YATARAK TEDAVI TALEPLERINIZ IÇIN "HASTA BILGI FORMU", "TETKIK ISTEM FORMU" VE VARSA TETKIK SONUÇLARI ILE TEDAVI PROTOKOLÜ VE DOKTOR RAPORLARINI "EKSIK EVRAK FORMU" VEYA "FAX GÖNDERIM FORMU" ESLIGINDE TARAFIMIZA GÖNDERINIZ.
- TRAFIK KAZASI VEYA DIGER ADLI VAKALARDA, TÜM MATBU ADLI EVRAKLARI GÖNDERMEYI UNUTMAYINIZ.</ns2:StringValue>
                  </ns2:Aciklama>
               </ns2:TalepDurumu>
            </ns3:ProvizyonSonucBilgisi>
            <ns2:ReferansNumaralari ns2:NumaraTipi="ProvizyonNumarasi">56788943</ns2:ReferansNumaralari>
            <ns2:ProvizyonOnProvizyonAlinmakIstenenTarih>2019-04-05T11:00:41.000+03:00</ns2:ProvizyonOnProvizyonAlinmakIstenenTarih>
            <ns2:ProvizyonOnProvizyonTamamlanmaTarihi>2019-04-05T11:00:41.000+03:00</ns2:ProvizyonOnProvizyonTamamlanmaTarihi>
         </ns3:HastaneTalepCevap>
      </ns3:ProvizyonVeOnProvizyonCevap>
   </S:Body>
</S:Envelope>