{
  "userDto" : {
    "userId" : null,
    "userName" : "MEDISER28",
    "departmentCode" : null,
    "name" : null,
    "password" : null,
    "email" : null,
    "age" : 0,
    "dob" : null,
    "type" : null,
    "userGroup" : null,
    "realUserType" : null,
    "regionCode" : null,
    "agentIntId" : null,
    "userRoles" : null,
    "subAgentIntId" : null
  },
  "logId" : 137897176,
  "origindate" : null,
  "institute" : {
    "instituteCodeSkrs" : null,
    "instituteCodeAllz" : 175,
    "instituteUserCode" : "MEDISER28",
    "operationPersonal" : "MEDISER28",
    "insuranceCompanyCode" : null
  },
  "institutePass" : {
    "institutepPass" : null,
    "insuranceSupervisorPass" : null,
    "claimerPass" : null
  },
  "provisionReferenceList" : [ ],
  "insured" : {
    "id" : null,
    "insuredNoList" : [ {
      "insuredNo" : "9578485",
      "insuredNoType" : "SIGORTALI_KART_NO"
    }, {
      "insuredNo" : "41965456976",
      "insuredNoType" : "TC_KIMLIK_NO"
    }, {
      "insuredNo" : "0001171006129172-48",
      "insuredNoType" : "POLICE_NO"
    } ],
    "firstName" : "ABDİL BURAK",
    "surname" : "BAŞLI",
    "sex" : "M",
    "dateOfBirth" : 208904400000,
    "relationship" : null,
    "mobilePhone" : null,
    "fatherName" : null
  },
  "relationshipInfo" : null,
  "doctorInfo" : {
    "userDto" : null,
    "logId" : null,
    "nameSurname" : "AJLAN ÇERÇİ",
    "title" : null,
    "branch" : "1090",
    "staffStatus" : "KADROLU",
    "identityNo" : null,
    "diplomaRegistrationNo" : null,
    "doctorType" : null,
    "doctorCode" : 200447,
    "actionCode" : null,
    "sourceType" : null,
    "instituteCode" : null,
    "instituteCodeAllz" : null,
    "cgmDoctorBranch" : null
  },
  "referralInfo" : {
    "referral" : false,
    "referralInstituteName" : null
  },
  "medicalInfo" : {
    "userDto" : null,
    "logId" : null,
    "applicationType" : "",
    "dateOfPatientAdmission" : null,
    "treatmentType" : {
      "userDto" : null,
      "logId" : null,
      "hospitalizationStatus" : "910",
      "hospitalizationInfo" : {
        "dateOfHospitalizations" : null,
        "dateOfSurgery" : null,
        "dateOfDischargeFromHospital" : null,
        "timeOfHospitalizations" : null,
        "timeOfDischargeFromHospital" : null,
        "extDoctorAmount" : 0.0,
        "hospitalAmount" : 0.0,
        "nationality" : null,
        "identityNumber" : null,
        "communicationExp1" : null,
        "communicationNumber1" : null,
        "communicationExp2" : null,
        "communicationNumber2" : null,
        "ytType" : null,
        "dateOfPossHospitalizations" : null,
        "dateOfPossDischarge" : null
      }
    },
    "diseaseList" : [ {
      "userDto" : null,
      "logId" : null,
      "name" : "Akut bronşiyolit",
      "code" : "J21",
      "type" : "KESIN_TANI"
    } ],
    "serviceInformationList" : [ {
      "userDto" : null,
      "logId" : null,
      "serviceBasedProcess" : {
        "userDto" : null,
        "logId" : null,
        "name" : null,
        "processCode" : {
          "userDto" : null,
          "logId" : null,
          "processCodeList" : null,
          "processCodeValue" : "1_10_102",
          "processCodeMain" : 1,
          "processCodeSub1" : 10,
          "processCodeSub2" : 102,
          "coverCode" : null,
          "pulakDoctorBranch" : null
        },
        "drgCode" : null,
        "relatedProcessCode" : null,
        "doctorInfo" : null,
        "amountRequest" : 0.0,
        "amountSgk" : null,
        "processDateTime" : 1568376927014,
        "detail" : null,
        "orderNo" : "1",
        "rateVat" : null,
        "rightLeft" : null,
        "explanation" : null,
        "count" : 1,
        "swiftCode" : null,
        "enrichedDoctorDto" : null
      },
      "lumpSumProcess" : null
    }, {
      "userDto" : null,
      "logId" : null,
      "serviceBasedProcess" : {
        "userDto" : null,
        "logId" : null,
        "name" : null,
        "processCode" : {
          "userDto" : null,
          "logId" : null,
          "processCodeList" : null,
          "processCodeValue" : "60_10_103",
          "processCodeMain" : 60,
          "processCodeSub1" : 10,
          "processCodeSub2" : 103,
          "coverCode" : null,
          "pulakDoctorBranch" : null
        },
        "drgCode" : null,
        "relatedProcessCode" : null,
        "doctorInfo" : null,
        "amountRequest" : 157.7,
        "amountSgk" : null,
        "processDateTime" : 1568376927014,
        "detail" : null,
        "orderNo" : "2",
        "rateVat" : null,
        "rightLeft" : null,
        "explanation" : null,
        "count" : 1,
        "swiftCode" : null,
        "enrichedDoctorDto" : null
      },
      "lumpSumProcess" : null
    }, {
      "userDto" : null,
      "logId" : null,
      "serviceBasedProcess" : {
        "userDto" : null,
        "logId" : null,
        "name" : null,
        "processCode" : {
          "userDto" : null,
          "logId" : null,
          "processCodeList" : null,
          "processCodeValue" : "10_10_101",
          "processCodeMain" : 10,
          "processCodeSub1" : 10,
          "processCodeSub2" : 101,
          "coverCode" : null,
          "pulakDoctorBranch" : null
        },
        "drgCode" : null,
        "relatedProcessCode" : null,
        "doctorInfo" : null,
        "amountRequest" : 201.15,
        "amountSgk" : null,
        "processDateTime" : 1568376927014,
        "detail" : null,
        "orderNo" : "3",
        "rateVat" : null,
        "rightLeft" : null,
        "explanation" : null,
        "count" : 1,
        "swiftCode" : null,
        "enrichedDoctorDto" : null
      },
      "lumpSumProcess" : null
    }, {
      "userDto" : null,
      "logId" : null,
      "serviceBasedProcess" : {
        "userDto" : null,
        "logId" : null,
        "name" : null,
        "processCode" : {
          "userDto" : null,
          "logId" : null,
          "processCodeList" : null,
          "processCodeValue" : "60_24_123",
          "processCodeMain" : 60,
          "processCodeSub1" : 24,
          "processCodeSub2" : 123,
          "coverCode" : null,
          "pulakDoctorBranch" : null
        },
        "drgCode" : null,
        "relatedProcessCode" : null,
        "doctorInfo" : null,
        "amountRequest" : 281.61,
        "amountSgk" : null,
        "processDateTime" : 1568376927014,
        "detail" : null,
        "orderNo" : "4",
        "rateVat" : null,
        "rightLeft" : null,
        "explanation" : null,
        "count" : 1,
        "swiftCode" : null,
        "enrichedDoctorDto" : null
      },
      "lumpSumProcess" : null
    }, {
      "userDto" : null,
      "logId" : null,
      "serviceBasedProcess" : {
        "userDto" : null,
        "logId" : null,
        "name" : null,
        "processCode" : {
          "userDto" : null,
          "logId" : null,
          "processCodeList" : null,
          "processCodeValue" : "22_10_103",
          "processCodeMain" : 22,
          "processCodeSub1" : 10,
          "processCodeSub2" : 103,
          "coverCode" : null,
          "pulakDoctorBranch" : null
        },
        "drgCode" : null,
        "relatedProcessCode" : null,
        "doctorInfo" : null,
        "amountRequest" : 19.31,
        "amountSgk" : null,
        "processDateTime" : 1568376927014,
        "detail" : null,
        "orderNo" : "5",
        "rateVat" : null,
        "rightLeft" : null,
        "explanation" : null,
        "count" : 1,
        "swiftCode" : null,
        "enrichedDoctorDto" : null
      },
      "lumpSumProcess" : null
    }, {
      "userDto" : null,
      "logId" : null,
      "serviceBasedProcess" : {
        "userDto" : null,
        "logId" : null,
        "name" : null,
        "processCode" : {
          "userDto" : null,
          "logId" : null,
          "processCodeList" : null,
          "processCodeValue" : "17_18_102",
          "processCodeMain" : 17,
          "processCodeSub1" : 18,
          "processCodeSub2" : 102,
          "coverCode" : null,
          "pulakDoctorBranch" : null
        },
        "drgCode" : null,
        "relatedProcessCode" : null,
        "doctorInfo" : null,
        "amountRequest" : 64.37,
        "amountSgk" : null,
        "processDateTime" : 1568376927014,
        "detail" : null,
        "orderNo" : "6",
        "rateVat" : null,
        "rightLeft" : null,
        "explanation" : null,
        "count" : 1,
        "swiftCode" : null,
        "enrichedDoctorDto" : null
      },
      "lumpSumProcess" : null
    }, {
      "userDto" : null,
      "logId" : null,
      "serviceBasedProcess" : {
        "userDto" : null,
        "logId" : null,
        "name" : null,
        "processCode" : {
          "userDto" : null,
          "logId" : null,
          "processCodeList" : null,
          "processCodeValue" : "17_18_105",
          "processCodeMain" : 17,
          "processCodeSub1" : 18,
          "processCodeSub2" : 105,
          "coverCode" : null,
          "pulakDoctorBranch" : null
        },
        "drgCode" : null,
        "relatedProcessCode" : null,
        "doctorInfo" : null,
        "amountRequest" : 19.31,
        "amountSgk" : null,
        "processDateTime" : 1568376927014,
        "detail" : null,
        "orderNo" : "7",
        "rateVat" : null,
        "rightLeft" : null,
        "explanation" : null,
        "count" : 1,
        "swiftCode" : null,
        "enrichedDoctorDto" : null
      },
      "lumpSumProcess" : null
    }, {
      "userDto" : null,
      "logId" : null,
      "serviceBasedProcess" : {
        "userDto" : null,
        "logId" : null,
        "name" : null,
        "processCode" : {
          "userDto" : null,
          "logId" : null,
          "processCodeList" : null,
          "processCodeValue" : "60_10_102",
          "processCodeMain" : 60,
          "processCodeSub1" : 10,
          "processCodeSub2" : 102,
          "coverCode" : null,
          "pulakDoctorBranch" : null
        },
        "drgCode" : null,
        "relatedProcessCode" : null,
        "doctorInfo" : null,
        "amountRequest" : 112.64,
        "amountSgk" : null,
        "processDateTime" : 1568376927014,
        "detail" : null,
        "orderNo" : "8",
        "rateVat" : null,
        "rightLeft" : null,
        "explanation" : null,
        "count" : 1,
        "swiftCode" : null,
        "enrichedDoctorDto" : null
      },
      "lumpSumProcess" : null
    }, {
      "userDto" : null,
      "logId" : null,
      "serviceBasedProcess" : {
        "userDto" : null,
        "logId" : null,
        "name" : null,
        "processCode" : {
          "userDto" : null,
          "logId" : null,
          "processCodeList" : null,
          "processCodeValue" : "60_24_109",
          "processCodeMain" : 60,
          "processCodeSub1" : 24,
          "processCodeSub2" : 109,
          "coverCode" : null,
          "pulakDoctorBranch" : null
        },
        "drgCode" : null,
        "relatedProcessCode" : null,
        "doctorInfo" : null,
        "amountRequest" : 225.29,
        "amountSgk" : null,
        "processDateTime" : 1568376927014,
        "detail" : null,
        "orderNo" : "9",
        "rateVat" : null,
        "rightLeft" : null,
        "explanation" : null,
        "count" : 1,
        "swiftCode" : null,
        "enrichedDoctorDto" : null
      },
      "lumpSumProcess" : null
    }, {
      "userDto" : null,
      "logId" : null,
      "serviceBasedProcess" : {
        "userDto" : null,
        "logId" : null,
        "name" : null,
        "processCode" : {
          "userDto" : null,
          "logId" : null,
          "processCodeList" : null,
          "processCodeValue" : "60_34_121",
          "processCodeMain" : 60,
          "processCodeSub1" : 34,
          "processCodeSub2" : 121,
          "coverCode" : null,
          "pulakDoctorBranch" : null
        },
        "drgCode" : null,
        "relatedProcessCode" : null,
        "doctorInfo" : null,
        "amountRequest" : 772.42,
        "amountSgk" : null,
        "processDateTime" : 1568376927014,
        "detail" : null,
        "orderNo" : "10",
        "rateVat" : null,
        "rightLeft" : null,
        "explanation" : null,
        "count" : 1,
        "swiftCode" : null,
        "enrichedDoctorDto" : null
      },
      "lumpSumProcess" : null
    }, {
      "userDto" : null,
      "logId" : null,
      "serviceBasedProcess" : {
        "userDto" : null,
        "logId" : null,
        "name" : null,
        "processCode" : {
          "userDto" : null,
          "logId" : null,
          "processCodeList" : null,
          "processCodeValue" : "60_30_108",
          "processCodeMain" : 60,
          "processCodeSub1" : 30,
          "processCodeSub2" : 108,
          "coverCode" : null,
          "pulakDoctorBranch" : null
        },
        "drgCode" : null,
        "relatedProcessCode" : null,
        "doctorInfo" : null,
        "amountRequest" : 724.14,
        "amountSgk" : null,
        "processDateTime" : 1568376927014,
        "detail" : null,
        "orderNo" : "11",
        "rateVat" : null,
        "rightLeft" : null,
        "explanation" : null,
        "count" : 1,
        "swiftCode" : null,
        "enrichedDoctorDto" : null
      },
      "lumpSumProcess" : null
    } ],
    "consumableList" : [ {
      "userDto" : null,
      "logId" : null,
      "name" : null,
      "count" : 1,
      "price" : 97.93,
      "type" : "ASI",
      "drgCode" : null,
      "barcode" : "8699522967216",
      "dozInfo" : null,
      "processCode" : null,
      "processDateTime" : null,
      "usageTime" : null,
      "orderNo" : "1",
      "rateVat" : null,
      "explanation" : null
    }, {
      "userDto" : null,
      "logId" : null,
      "name" : null,
      "count" : 1,
      "price" : 95.13,
      "type" : "ASI",
      "drgCode" : null,
      "barcode" : "8699716963321",
      "dozInfo" : null,
      "processCode" : null,
      "processDateTime" : null,
      "usageTime" : null,
      "orderNo" : "2",
      "rateVat" : null,
      "explanation" : null
    }, {
      "userDto" : null,
      "logId" : null,
      "name" : null,
      "count" : 1,
      "price" : 132.14,
      "type" : "ASI",
      "drgCode" : null,
      "barcode" : "8699572960052",
      "dozInfo" : null,
      "processCode" : null,
      "processDateTime" : null,
      "usageTime" : null,
      "orderNo" : "3",
      "rateVat" : null,
      "explanation" : null
    } ],
    "patientInfoForm" : {
      "userDto" : null,
      "logId" : null,
      "complaint" : null,
      "complaintStartDate" : null,
      "history" : null,
      "historyDetailInfo" : null,
      "familyHistory" : null,
      "physicalExaminationFindings" : null,
      "polyclinicList" : null,
      "examinationResultList" : null,
      "anamnesis" : null,
      "dateOfLastMenstrual" : null,
      "trafficAccident" : false,
      "emergency" : null,
      "typeOfAdmission" : null,
      "occurringWayOfCase" : null,
      "judical" : false,
      "traumaCase" : false,
      "surgeryNoteList" : null,
      "epicrisisNote" : null,
      "consultationReportList" : null,
      "anesthesiaNote" : null
    },
    "examDate" : null,
    "processExp" : null,
    "patientComplaint" : null,
    "complaintStart" : null,
    "lastmenstDate" : null,
    "beforeComplaintIllness" : null,
    "medicalBackground" : null,
    "consultationDiagnosis" : null,
    "examinationsResults" : null,
    "preDiagnosisDiagnosis" : null,
    "plannedTreatmentProc" : null,
    "ahek" : false
  },
  "sgkInfo" : {
    "sgkUsed" : false,
    "amountSgk" : 0.0
  },
  "mondial" : {
    "mondialType" : null,
    "fromToPlace" : null,
    "fromCityCode" : null,
    "fromDistrictCode" : null,
    "toCityCode" : null,
    "toDistrictCode" : null,
    "processcount" : 0,
    "countryCode" : null,
    "otherCountry" : null,
    "otherCountryCity" : null
  },
  "personalNotes" : null,
  "amountRequest" : null,
  "provisionDate" : 1568376927014,
  "requestSystem" : "PORTAL",
  "medulaDate" : null
}