<?xml version="1.0" encoding="UTF-8" standalone="yes"?>
<ClaimFileWeb>
    <addOrderNo>0</addOrderNo>
    <agreementType>Anlaşmalı Doktor</agreementType>
    <ahek>false</ahek>
    <breProvision>false</breProvision>
    <claimId>0</claimId>
    <controlDoctorForOssProvision>false</controlDoctorForOssProvision>
    <externalDoctor>false</externalDoctor>
    <externalDoctorRequestAmount>0.0</externalDoctorRequestAmount>
    <groupCode>S41685</groupCode>
    <hospitalAmount>0.0</hospitalAmount>
    <injections>
        <coverCode>S355</coverCode>
        <injectionBarcode>8699522967216</injectionBarcode>
        <injectionName>ENGERIX B ERISKIN IM ENJEKSIYON IÇIN SÜSPANSIYON IÇEREN KULLANIMA HAZIR ENJEKTÖR 20 mcg/1.0 ml 1x1ml enjektör</injectionName>
        <injectionPrice>97.93</injectionPrice>
        <recordStatus>I</recordStatus>
    </injections>
    <injections>
        <coverCode>S355</coverCode>
        <injectionBarcode>8699716963321</injectionBarcode>
        <injectionName>HAVRİX İNAKTİVE HEPATİT A AŞISI 1440 ERİŞKİN 1 ml (tek doz) 1x1ml enjektör</injectionName>
        <injectionPrice>95.13</injectionPrice>
        <recordStatus>I</recordStatus>
    </injections>
    <injections>
        <coverCode>S355</coverCode>
        <injectionBarcode>8699572960052</injectionBarcode>
        <injectionName>PREVENAR IM ENJEKSIYON IÇIN SÜSPANSIYON IÇEREN KULLANIMA HAZIR ENJEKTÖR 1x0.5ml enjektör</injectionName>
        <injectionPrice>132.14</injectionPrice>
        <recordStatus>I</recordStatus>
    </injections>
    <instituteCode>175</instituteCode>
    <insured>
        <birthDate>1976-08-15T00:00:00+03:00</birthDate>
        <gender>Erkek</gender>
        <healthCardNumber>9578485</healthCardNumber>
        <identityNumber>41965456976</identityNumber>
        <name>ABDİL BURAK</name>
        <partId>114153477</partId>
        <surname>BAŞLI</surname>
    </insured>
    <judicial>false</judicial>
    <kesinTaniSelectedList>
        <diseaseCode>J21</diseaseCode>
        <explanation>Akut bronşiyolit</explanation>
    </kesinTaniSelectedList>
    <kilometers>0</kilometers>
    <locationCode>910</locationCode>
    <medicalDoctor>
        <academicStaff>false</academicStaff>
        <agreementType>Anlaşmalı Doktor</agreementType>
        <docPoint>false</docPoint>
        <doctorId>200447</doctorId>
        <eqNameToMernisName>false</eqNameToMernisName>
        <fullName>AJLAN ÇERÇİ</fullName>
        <instituteCode>175</instituteCode>
        <isBpmUser>0</isBpmUser>
        <isSpeciality>0</isSpeciality>
        <medicalBranch>
            <branchName>Beyin ve Sinir Cerrahisi ( Nöroşirurji )</branchName>
            <branchSubject>1090</branchSubject>
            <isJudicial>1</isJudicial>
        </medicalBranch>
        <medicalStaffList>Doktor</medicalStaffList>
        <myDocReject>false</myDocReject>
        <ossDrOnTssInst>false</ossDrOnTssInst>
        <sgkStatus>Anlaşmasız</sgkStatus>
        <specInstSub1Code>0</specInstSub1Code>
        <specInstSub2Code>0</specInstSub2Code>
        <surName>ÇERÇİ</surName>
        <tck>59446064794</tck>
        <title>Uzman</title>
        <university>0</university>
    </medicalDoctor>
    <patientEnterCofirmed>false</patientEnterCofirmed>
    <policy>
        <advantageNetwork>false</advantageNetwork>
        <agentIntId>71171</agentIntId>
        <agentRefCode>5147</agentRefCode>
        <allianzStandart>false</allianzStandart>
        <complementary>2</complementary>
        <contractId>489033702</contractId>
        <emergencyGroup>false</emergencyGroup>
        <endDate>2020-07-01T00:00:00+03:00</endDate>
        <exemptFromSGK>false</exemptFromSGK>
        <familyInfo>
            <familyCode>893738</familyCode>
            <familyName>BAŞLI</familyName>
        </familyInfo>
        <groupCode>S41685</groupCode>
        <groupName>HAVELSAN HAVA ELEKTRONİK SAN. VE TİC. A.Ş.</groupName>
        <hclmResult>true</hclmResult>
        <klubePolicy>false</klubePolicy>
        <locationCodeMatch>false</locationCodeMatch>
        <openForClaim>true</openForClaim>
        <otherActiveLocationMatchedPolicyCount>0</otherActiveLocationMatchedPolicyCount>
        <otherActivePolicyCount>0</otherActivePolicyCount>
        <packExtRef>S41685-1</packExtRef>
        <packName>A PAKETİ</packName>
        <packageDate>2019-07-01T00:00:00+03:00</packageDate>
        <packageId>283651</packageId>
        <partId>114153477</partId>
        <partitionName>GRUP SAĞLIK</partitionName>
        <partitionNo>48</partitionNo>
        <partitionType>GRUP</partitionType>
        <policyRef>0001171006129172-48</policyRef>
        <priorityOrderNo>99</priorityOrderNo>
        <productId>64</productId>
        <productName>GRUP SAĞLIK</productName>
        <productType>GRUP</productType>
        <productTypeCode>64</productTypeCode>
        <provisionenabled>1</provisionenabled>
        <sameNetwork>true</sameNetwork>
        <samePolicyRefIndex>-1</samePolicyRefIndex>
        <specialGroup>false</specialGroup>
        <startDate>2019-07-01T00:00:00+03:00</startDate>
        <subCompanyCode>S41685-1</subCompanyCode>
        <takeThis>true</takeThis>
        <tpaCompanyInfo>
            <title>Allianz Sigorta A.Ş.</title>
        </tpaCompanyInfo>
        <versionNo>151</versionNo>
    </policy>
    <pregnant>false</pregnant>
    <processes>
        <groupNo>0</groupNo>
        <processId>
            <processCodeMain>1</processCodeMain>
            <processCodeSub1>10</processCodeSub1>
            <processCodeSub2>102</processCodeSub2>
        </processId>
        <processName>*Poliklinik Malzeme İlaç</processName>
        <quantity>1</quantity>
        <quantityRequired>false</quantityRequired>
        <recordStatus>I</recordStatus>
        <requestedPrice>0.0</requestedPrice>
        <systemPrice>0.0</systemPrice>
    </processes>
    <processes>
        <groupNo>0</groupNo>
        <processId>
            <processCodeMain>60</processCodeMain>
            <processCodeSub1>10</processCodeSub1>
            <processCodeSub2>103</processCodeSub2>
        </processId>
        <processName>Normal İki Yönlü Grafi</processName>
        <quantity>1</quantity>
        <quantityRequired>true</quantityRequired>
        <recordStatus>I</recordStatus>
        <requestedPrice>157.7</requestedPrice>
        <systemPrice>157.7</systemPrice>
    </processes>
    <processes>
        <groupNo>0</groupNo>
        <processId>
            <processCodeMain>10</processCodeMain>
            <processCodeSub1>10</processCodeSub1>
            <processCodeSub2>101</processCodeSub2>
        </processId>
        <processName>Muayene-Gündüz (Normal İş Veya Tatil Günlerinde, Muayenehanede)</processName>
        <quantity>1</quantity>
        <quantityRequired>false</quantityRequired>
        <recordStatus>I</recordStatus>
        <requestedPrice>201.15</requestedPrice>
        <systemPrice>201.15</systemPrice>
    </processes>
    <processes>
        <groupNo>0</groupNo>
        <processId>
            <processCodeMain>60</processCodeMain>
            <processCodeSub1>24</processCodeSub1>
            <processCodeSub2>123</processCodeSub2>
        </processId>
        <processName>Boyun Us</processName>
        <quantity>1</quantity>
        <quantityRequired>false</quantityRequired>
        <recordStatus>I</recordStatus>
        <requestedPrice>281.61</requestedPrice>
        <systemPrice>281.61</systemPrice>
    </processes>
    <processes>
        <groupNo>0</groupNo>
        <processId>
            <processCodeMain>22</processCodeMain>
            <processCodeSub1>10</processCodeSub1>
            <processCodeSub2>103</processCodeSub2>
        </processId>
        <processName>Im Enjeksiyon (Çocuk Sağ. ve Hast./Muayenehanede))</processName>
        <quantity>1</quantity>
        <quantityRequired>false</quantityRequired>
        <recordStatus>I</recordStatus>
        <requestedPrice>19.31</requestedPrice>
        <systemPrice>19.31</systemPrice>
    </processes>
    <processes>
        <groupNo>0</groupNo>
        <processId>
            <processCodeMain>17</processCodeMain>
            <processCodeSub1>18</processCodeSub1>
            <processCodeSub2>102</processCodeSub2>
        </processId>
        <processName>Intravenöz İlaç İnfüzyonu</processName>
        <quantity>1</quantity>
        <quantityRequired>false</quantityRequired>
        <recordStatus>I</recordStatus>
        <requestedPrice>64.37</requestedPrice>
        <systemPrice>64.37</systemPrice>
    </processes>
    <processes>
        <groupNo>0</groupNo>
        <processId>
            <processCodeMain>17</processCodeMain>
            <processCodeSub1>18</processCodeSub1>
            <processCodeSub2>105</processCodeSub2>
        </processId>
        <processName>İm Enjeksiyon(Acil)</processName>
        <quantity>1</quantity>
        <quantityRequired>true</quantityRequired>
        <recordStatus>I</recordStatus>
        <requestedPrice>19.31</requestedPrice>
        <systemPrice>19.31</systemPrice>
    </processes>
    <processes>
        <groupNo>0</groupNo>
        <processId>
            <processCodeMain>60</processCodeMain>
            <processCodeSub1>10</processCodeSub1>
            <processCodeSub2>102</processCodeSub2>
        </processId>
        <processName>Normal Tek Yönlü Grafi</processName>
        <quantity>1</quantity>
        <quantityRequired>true</quantityRequired>
        <recordStatus>I</recordStatus>
        <requestedPrice>112.64</requestedPrice>
        <systemPrice>112.64</systemPrice>
    </processes>
    <processes>
        <groupNo>0</groupNo>
        <processId>
            <processCodeMain>60</processCodeMain>
            <processCodeSub1>24</processCodeSub1>
            <processCodeSub2>109</processCodeSub2>
        </processId>
        <processName>Üriner Sistem Us</processName>
        <quantity>1</quantity>
        <quantityRequired>false</quantityRequired>
        <recordStatus>I</recordStatus>
        <requestedPrice>225.29</requestedPrice>
        <systemPrice>225.29</systemPrice>
    </processes>
    <processes>
        <groupNo>0</groupNo>
        <processId>
            <processCodeMain>60</processCodeMain>
            <processCodeSub1>34</processCodeSub1>
            <processCodeSub2>121</processCodeSub2>
        </processId>
        <processName>Alt Abdomen Mrg- 1 Tesla ve Üzeri</processName>
        <quantity>1</quantity>
        <quantityRequired>false</quantityRequired>
        <recordStatus>I</recordStatus>
        <requestedPrice>772.42</requestedPrice>
        <systemPrice>772.42</systemPrice>
    </processes>
    <processes>
        <groupNo>0</groupNo>
        <processId>
            <processCodeMain>60</processCodeMain>
            <processCodeSub1>30</processCodeSub1>
            <processCodeSub2>108</processCodeSub2>
        </processId>
        <processName>Bilgisayarlı Temporal Kemik Tomografisi Yrbt, Tek Eklem (Md Veya S)</processName>
        <quantity>1</quantity>
        <quantityRequired>false</quantityRequired>
        <recordStatus>I</recordStatus>
        <requestedPrice>724.14</requestedPrice>
        <systemPrice>724.14</systemPrice>
    </processes>
    <provisionDate>2019-09-13T15:15:27.014+03:00</provisionDate>
    <recordStatus>I</recordStatus>
    <redirectToWebService>false</redirectToWebService>
    <referral>false</referral>
    <sfNo>0</sfNo>
    <sgkAmount>0.0</sgkAmount>
    <sgkUsed>false</sgkUsed>
    <userName>MEDISER28</userName>
</ClaimFileWeb>
