{
  "claimDetailDto" : {
    "claimId" : 42650567,
    "sfNo" : 1,
    "addOrderNo" : 1,
    "extReference" : "58691673",
    "provisionList" : [ {
      "claimId" : 42650567,
      "sfNo" : 1,
      "addOrderNo" : 1,
      "extReference" : "58691673",
      "locationCode" : 910,
      "coverCode" : "S510",
      "addProcAmount" : 0,
      "breResultCode" : "",
      "countryCode" : "",
      "coverDistributionAmount" : 0,
      "daySeance" : 0,
      "doctorCode" : null,
      "doctorStatus" : "",
      "entryDate" : 1568377020000,
      "exemptionAmount" : 0,
      "exemptionRate" : 0,
      "instAddProcAmount" : 0,
      "instExemptionAmount" : 0,
      "instRequestAmount" : 777.24,
      "isExGratia" : 0,
      "isPoolCover" : 0,
      "isSpecialCover" : 0,
      "orderNo" : "",
      "procRefusalAmount" : 0,
      "procRequestAmount" : 777.24,
      "provDateTime" : 1568377020000,
      "provisionExplanation" : "dd",
      "provisionTotal" : 0,
      "refusalAmount" : 0,
      "reqCureDayCount" : 0,
      "requestAmount" : 777.24,
      "sgkAmount" : 0,
      "statusCode" : "R",
      "subPackageDate" : null,
      "subPackageId" : null,
      "swiftCode" : "TL",
      "sysRequestAmount" : 777.24,
      "timeStamp" : null,
      "userId" : "MEDISER28",
      "parity" : 1,
      "fdaySeance" : 0,
      "rcoverPrice" : null
    }, {
      "claimId" : 42650567,
      "sfNo" : 1,
      "addOrderNo" : 1,
      "extReference" : "58691673",
      "locationCode" : 910,
      "coverCode" : "S521",
      "addProcAmount" : 0,
      "breResultCode" : "",
      "countryCode" : "",
      "coverDistributionAmount" : 0,
      "daySeance" : 0,
      "doctorCode" : null,
      "doctorStatus" : "",
      "entryDate" : 1568377020000,
      "exemptionAmount" : 0,
      "exemptionRate" : 0,
      "instAddProcAmount" : 0,
      "instExemptionAmount" : 0,
      "instRequestAmount" : 1496.56,
      "isExGratia" : 0,
      "isPoolCover" : 0,
      "isSpecialCover" : 0,
      "orderNo" : "",
      "procRefusalAmount" : 0,
      "procRequestAmount" : 1496.56,
      "provDateTime" : 1568377020000,
      "provisionExplanation" : "dd",
      "provisionTotal" : 0,
      "refusalAmount" : 0,
      "reqCureDayCount" : 0,
      "requestAmount" : 1496.56,
      "sgkAmount" : 0,
      "statusCode" : "R",
      "subPackageDate" : null,
      "subPackageId" : null,
      "swiftCode" : "TL",
      "sysRequestAmount" : 1496.56,
      "timeStamp" : null,
      "userId" : "MEDISER28",
      "parity" : 1,
      "fdaySeance" : 0,
      "rcoverPrice" : null
    }, {
      "claimId" : 42650567,
      "sfNo" : 1,
      "addOrderNo" : 1,
      "extReference" : "58691673",
      "locationCode" : 910,
      "coverCode" : "S659",
      "addProcAmount" : 0,
      "breResultCode" : "",
      "countryCode" : "",
      "coverDistributionAmount" : 0,
      "daySeance" : 0,
      "doctorCode" : null,
      "doctorStatus" : "",
      "entryDate" : 1568377020000,
      "exemptionAmount" : 0,
      "exemptionRate" : 0,
      "instAddProcAmount" : 0,
      "instExemptionAmount" : 0,
      "instRequestAmount" : 325.2,
      "isExGratia" : 0,
      "isPoolCover" : 0,
      "isSpecialCover" : 0,
      "orderNo" : "",
      "procRefusalAmount" : 0,
      "procRequestAmount" : 0,
      "provDateTime" : 1568377020000,
      "provisionExplanation" : "dd",
      "provisionTotal" : 0,
      "refusalAmount" : 325.2,
      "reqCureDayCount" : 0,
      "requestAmount" : 325.2,
      "sgkAmount" : 0,
      "statusCode" : "R",
      "subPackageDate" : null,
      "subPackageId" : null,
      "swiftCode" : "TL",
      "sysRequestAmount" : 325.2,
      "timeStamp" : null,
      "userId" : "MEDISER28",
      "parity" : 1,
      "fdaySeance" : 0,
      "rcoverPrice" : null
    }, {
      "claimId" : 42650567,
      "sfNo" : 1,
      "addOrderNo" : 1,
      "extReference" : "58691673",
      "locationCode" : 910,
      "coverCode" : "S762",
      "addProcAmount" : 0,
      "breResultCode" : "",
      "countryCode" : "",
      "coverDistributionAmount" : 0,
      "daySeance" : 0,
      "doctorCode" : null,
      "doctorStatus" : "",
      "entryDate" : 1568377020000,
      "exemptionAmount" : 0,
      "exemptionRate" : 0,
      "instAddProcAmount" : 0,
      "instExemptionAmount" : 0,
      "instRequestAmount" : 304.14,
      "isExGratia" : 0,
      "isPoolCover" : 0,
      "isSpecialCover" : 0,
      "orderNo" : "",
      "procRefusalAmount" : 201.15,
      "procRequestAmount" : 304.14,
      "provDateTime" : 1568377020000,
      "provisionExplanation" : "dd",
      "provisionTotal" : 0,
      "refusalAmount" : 201.15,
      "reqCureDayCount" : 0,
      "requestAmount" : 304.14,
      "sgkAmount" : 0,
      "statusCode" : "R",
      "subPackageDate" : null,
      "subPackageId" : null,
      "swiftCode" : "TL",
      "sysRequestAmount" : 304.14,
      "timeStamp" : null,
      "userId" : "MEDISER28",
      "parity" : 1,
      "fdaySeance" : 0,
      "rcoverPrice" : null
    } ],
    "processList" : [ {
      "claimId" : 42650567,
      "sfNo" : 1,
      "addOrderNo" : 1,
      "extReference" : "58691673",
      "seqNo" : 1,
      "locationCode" : 910,
      "coverCode" : "S510",
      "groupNo" : 0,
      "processCodeMain" : 60,
      "processCodeSub1" : 10,
      "processCodeSub2" : 102,
      "breResultCode" : "",
      "diagnosisId" : null,
      "discountGroupCode" : "DRON",
      "doctorCode" : null,
      "doctorStatus" : "",
      "drgCode" : "",
      "entranceDate" : 1568322000000,
      "explanation" : "",
      "indemnityAmount" : 112.64,
      "instIndemnityAmount" : 112.64,
      "orderNo" : "8",
      "physiotherapySession" : null,
      "procType" : "",
      "processCount" : 1,
      "processDate" : null,
      "processGroup" : "HIAT",
      "relatedProcess" : "",
      "relatedProcessListType" : "",
      "reqProcessCode" : "",
      "reqProcessListType" : "",
      "reqProcessName" : "",
      "rightLeft" : "",
      "sgkAmount" : null,
      "statusCode" : "P",
      "surgeryId" : null,
      "swiftCode" : "",
      "timeStamp" : 1568377020000,
      "userid" : null,
      "vatRate" : null,
      "claimSurgeryDetailDto" : null,
      "healthClaimDiagnosisDto" : null,
      "notMatch" : false
    }, {
      "claimId" : 42650567,
      "sfNo" : 1,
      "addOrderNo" : 1,
      "extReference" : "58691673",
      "seqNo" : 2,
      "locationCode" : 910,
      "coverCode" : "S510",
      "groupNo" : 0,
      "processCodeMain" : 60,
      "processCodeSub1" : 10,
      "processCodeSub2" : 103,
      "breResultCode" : "",
      "diagnosisId" : null,
      "discountGroupCode" : "DRON",
      "doctorCode" : null,
      "doctorStatus" : "",
      "drgCode" : "",
      "entranceDate" : 1568322000000,
      "explanation" : "",
      "indemnityAmount" : 157.7,
      "instIndemnityAmount" : 157.7,
      "orderNo" : "2",
      "physiotherapySession" : null,
      "procType" : "",
      "processCount" : 1,
      "processDate" : null,
      "processGroup" : "HIAT",
      "relatedProcess" : "",
      "relatedProcessListType" : "",
      "reqProcessCode" : "",
      "reqProcessListType" : "",
      "reqProcessName" : "",
      "rightLeft" : "",
      "sgkAmount" : null,
      "statusCode" : "P",
      "surgeryId" : null,
      "swiftCode" : "",
      "timeStamp" : 1568377020000,
      "userid" : null,
      "vatRate" : null,
      "claimSurgeryDetailDto" : null,
      "healthClaimDiagnosisDto" : null,
      "notMatch" : false
    }, {
      "claimId" : 42650567,
      "sfNo" : 1,
      "addOrderNo" : 1,
      "extReference" : "58691673",
      "seqNo" : 3,
      "locationCode" : 910,
      "coverCode" : "S510",
      "groupNo" : 0,
      "processCodeMain" : 60,
      "processCodeSub1" : 24,
      "processCodeSub2" : 109,
      "breResultCode" : "",
      "diagnosisId" : null,
      "discountGroupCode" : "USG",
      "doctorCode" : null,
      "doctorStatus" : "",
      "drgCode" : "",
      "entranceDate" : 1568322000000,
      "explanation" : "",
      "indemnityAmount" : 225.29,
      "instIndemnityAmount" : 225.29,
      "orderNo" : "9",
      "physiotherapySession" : null,
      "procType" : "",
      "processCount" : 1,
      "processDate" : null,
      "processGroup" : "HIAT",
      "relatedProcess" : "",
      "relatedProcessListType" : "",
      "reqProcessCode" : "",
      "reqProcessListType" : "",
      "reqProcessName" : "",
      "rightLeft" : "",
      "sgkAmount" : null,
      "statusCode" : "P",
      "surgeryId" : null,
      "swiftCode" : "",
      "timeStamp" : 1568377020000,
      "userid" : null,
      "vatRate" : null,
      "claimSurgeryDetailDto" : null,
      "healthClaimDiagnosisDto" : null,
      "notMatch" : false
    }, {
      "claimId" : 42650567,
      "sfNo" : 1,
      "addOrderNo" : 1,
      "extReference" : "58691673",
      "seqNo" : 4,
      "locationCode" : 910,
      "coverCode" : "S510",
      "groupNo" : 0,
      "processCodeMain" : 60,
      "processCodeSub1" : 24,
      "processCodeSub2" : 123,
      "breResultCode" : "",
      "diagnosisId" : null,
      "discountGroupCode" : "USG",
      "doctorCode" : null,
      "doctorStatus" : "",
      "drgCode" : "",
      "entranceDate" : 1568322000000,
      "explanation" : "",
      "indemnityAmount" : 281.61,
      "instIndemnityAmount" : 281.61,
      "orderNo" : "4",
      "physiotherapySession" : null,
      "procType" : "",
      "processCount" : 1,
      "processDate" : null,
      "processGroup" : "HIAT",
      "relatedProcess" : "",
      "relatedProcessListType" : "",
      "reqProcessCode" : "",
      "reqProcessListType" : "",
      "reqProcessName" : "",
      "rightLeft" : "",
      "sgkAmount" : null,
      "statusCode" : "P",
      "surgeryId" : null,
      "swiftCode" : "",
      "timeStamp" : 1568377020000,
      "userid" : null,
      "vatRate" : null,
      "claimSurgeryDetailDto" : null,
      "healthClaimDiagnosisDto" : null,
      "notMatch" : false
    }, {
      "claimId" : 42650567,
      "sfNo" : 1,
      "addOrderNo" : 1,
      "extReference" : "58691673",
      "seqNo" : 1,
      "locationCode" : 910,
      "coverCode" : "S521",
      "groupNo" : 0,
      "processCodeMain" : 60,
      "processCodeSub1" : 30,
      "processCodeSub2" : 108,
      "breResultCode" : "PP",
      "diagnosisId" : null,
      "discountGroupCode" : "BT",
      "doctorCode" : null,
      "doctorStatus" : "",
      "drgCode" : "",
      "entranceDate" : 1568322000000,
      "explanation" : "",
      "indemnityAmount" : 724.14,
      "instIndemnityAmount" : 724.14,
      "orderNo" : "11",
      "physiotherapySession" : null,
      "procType" : "",
      "processCount" : 1,
      "processDate" : null,
      "processGroup" : "DEAT",
      "relatedProcess" : "",
      "relatedProcessListType" : "",
      "reqProcessCode" : "",
      "reqProcessListType" : "",
      "reqProcessName" : "",
      "rightLeft" : "",
      "sgkAmount" : null,
      "statusCode" : "P",
      "surgeryId" : null,
      "swiftCode" : "",
      "timeStamp" : 1568377020000,
      "userid" : null,
      "vatRate" : null,
      "claimSurgeryDetailDto" : null,
      "healthClaimDiagnosisDto" : null,
      "notMatch" : false
    }, {
      "claimId" : 42650567,
      "sfNo" : 1,
      "addOrderNo" : 1,
      "extReference" : "58691673",
      "seqNo" : 2,
      "locationCode" : 910,
      "coverCode" : "S521",
      "groupNo" : 0,
      "processCodeMain" : 60,
      "processCodeSub1" : 34,
      "processCodeSub2" : 121,
      "breResultCode" : "PP",
      "diagnosisId" : null,
      "discountGroupCode" : "MR",
      "doctorCode" : null,
      "doctorStatus" : "",
      "drgCode" : "",
      "entranceDate" : 1568322000000,
      "explanation" : "",
      "indemnityAmount" : 772.42,
      "instIndemnityAmount" : 772.42,
      "orderNo" : "10",
      "physiotherapySession" : null,
      "procType" : "",
      "processCount" : 1,
      "processDate" : null,
      "processGroup" : "DEAT",
      "relatedProcess" : "",
      "relatedProcessListType" : "",
      "reqProcessCode" : "",
      "reqProcessListType" : "",
      "reqProcessName" : "",
      "rightLeft" : "",
      "sgkAmount" : null,
      "statusCode" : "P",
      "surgeryId" : null,
      "swiftCode" : "",
      "timeStamp" : 1568377020000,
      "userid" : null,
      "vatRate" : null,
      "claimSurgeryDetailDto" : null,
      "healthClaimDiagnosisDto" : null,
      "notMatch" : false
    }, {
      "claimId" : 42650567,
      "sfNo" : 1,
      "addOrderNo" : 1,
      "extReference" : "58691673",
      "seqNo" : 1,
      "locationCode" : 910,
      "coverCode" : "S762",
      "groupNo" : 0,
      "processCodeMain" : 1,
      "processCodeSub1" : 10,
      "processCodeSub2" : 102,
      "breResultCode" : "",
      "diagnosisId" : null,
      "discountGroupCode" : "YAT",
      "doctorCode" : null,
      "doctorStatus" : "",
      "drgCode" : "",
      "entranceDate" : 1568322000000,
      "explanation" : "",
      "indemnityAmount" : null,
      "instIndemnityAmount" : 0,
      "orderNo" : "1",
      "physiotherapySession" : null,
      "procType" : "",
      "processCount" : 1,
      "processDate" : null,
      "processGroup" : "HIAT",
      "relatedProcess" : "",
      "relatedProcessListType" : "",
      "reqProcessCode" : "",
      "reqProcessListType" : "",
      "reqProcessName" : "",
      "rightLeft" : "",
      "sgkAmount" : null,
      "statusCode" : "P",
      "surgeryId" : null,
      "swiftCode" : "",
      "timeStamp" : 1568377020000,
      "userid" : null,
      "vatRate" : null,
      "claimSurgeryDetailDto" : null,
      "healthClaimDiagnosisDto" : null,
      "notMatch" : false
    }, {
      "claimId" : 42650567,
      "sfNo" : 1,
      "addOrderNo" : 1,
      "extReference" : "58691673",
      "seqNo" : 2,
      "locationCode" : 910,
      "coverCode" : "S762",
      "groupNo" : 0,
      "processCodeMain" : 10,
      "processCodeSub1" : 10,
      "processCodeSub2" : 101,
      "breResultCode" : "R",
      "diagnosisId" : null,
      "discountGroupCode" : "DRAT",
      "doctorCode" : null,
      "doctorStatus" : "",
      "drgCode" : "",
      "entranceDate" : 1568322000000,
      "explanation" : "",
      "indemnityAmount" : 201.15,
      "instIndemnityAmount" : 201.15,
      "orderNo" : "3",
      "physiotherapySession" : null,
      "procType" : "",
      "processCount" : 1,
      "processDate" : null,
      "processGroup" : "HIAT",
      "relatedProcess" : "",
      "relatedProcessListType" : "",
      "reqProcessCode" : "",
      "reqProcessListType" : "",
      "reqProcessName" : "",
      "rightLeft" : "",
      "sgkAmount" : null,
      "statusCode" : "R",
      "surgeryId" : null,
      "swiftCode" : "",
      "timeStamp" : 1568377020000,
      "userid" : null,
      "vatRate" : null,
      "claimSurgeryDetailDto" : null,
      "healthClaimDiagnosisDto" : null,
      "notMatch" : false
    }, {
      "claimId" : 42650567,
      "sfNo" : 1,
      "addOrderNo" : 1,
      "extReference" : "58691673",
      "seqNo" : 3,
      "locationCode" : 910,
      "coverCode" : "S762",
      "groupNo" : 0,
      "processCodeMain" : 17,
      "processCodeSub1" : 18,
      "processCodeSub2" : 102,
      "breResultCode" : "",
      "diagnosisId" : null,
      "discountGroupCode" : "GENC",
      "doctorCode" : null,
      "doctorStatus" : "",
      "drgCode" : "",
      "entranceDate" : 1568322000000,
      "explanation" : "",
      "indemnityAmount" : 64.37,
      "instIndemnityAmount" : 64.37,
      "orderNo" : "6",
      "physiotherapySession" : null,
      "procType" : "",
      "processCount" : 1,
      "processDate" : null,
      "processGroup" : "HIAT",
      "relatedProcess" : "",
      "relatedProcessListType" : "",
      "reqProcessCode" : "",
      "reqProcessListType" : "",
      "reqProcessName" : "",
      "rightLeft" : "",
      "sgkAmount" : null,
      "statusCode" : "P",
      "surgeryId" : null,
      "swiftCode" : "",
      "timeStamp" : 1568377020000,
      "userid" : null,
      "vatRate" : null,
      "claimSurgeryDetailDto" : null,
      "healthClaimDiagnosisDto" : null,
      "notMatch" : false
    }, {
      "claimId" : 42650567,
      "sfNo" : 1,
      "addOrderNo" : 1,
      "extReference" : "58691673",
      "seqNo" : 4,
      "locationCode" : 910,
      "coverCode" : "S762",
      "groupNo" : 0,
      "processCodeMain" : 17,
      "processCodeSub1" : 18,
      "processCodeSub2" : 105,
      "breResultCode" : "",
      "diagnosisId" : null,
      "discountGroupCode" : "GENC",
      "doctorCode" : null,
      "doctorStatus" : "",
      "drgCode" : "",
      "entranceDate" : 1568322000000,
      "explanation" : "",
      "indemnityAmount" : 19.31,
      "instIndemnityAmount" : 19.31,
      "orderNo" : "7",
      "physiotherapySession" : null,
      "procType" : "",
      "processCount" : 1,
      "processDate" : null,
      "processGroup" : "HIAT",
      "relatedProcess" : "",
      "relatedProcessListType" : "",
      "reqProcessCode" : "",
      "reqProcessListType" : "",
      "reqProcessName" : "",
      "rightLeft" : "",
      "sgkAmount" : null,
      "statusCode" : "P",
      "surgeryId" : null,
      "swiftCode" : "",
      "timeStamp" : 1568377020000,
      "userid" : null,
      "vatRate" : null,
      "claimSurgeryDetailDto" : null,
      "healthClaimDiagnosisDto" : null,
      "notMatch" : false
    }, {
      "claimId" : 42650567,
      "sfNo" : 1,
      "addOrderNo" : 1,
      "extReference" : "58691673",
      "seqNo" : 5,
      "locationCode" : 910,
      "coverCode" : "S762",
      "groupNo" : 0,
      "processCodeMain" : 22,
      "processCodeSub1" : 10,
      "processCodeSub2" : 103,
      "breResultCode" : "",
      "diagnosisId" : null,
      "discountGroupCode" : "PEDİ",
      "doctorCode" : null,
      "doctorStatus" : "",
      "drgCode" : "",
      "entranceDate" : 1568322000000,
      "explanation" : "",
      "indemnityAmount" : 19.31,
      "instIndemnityAmount" : 19.31,
      "orderNo" : "5",
      "physiotherapySession" : null,
      "procType" : "",
      "processCount" : 1,
      "processDate" : null,
      "processGroup" : "HIAT",
      "relatedProcess" : "",
      "relatedProcessListType" : "",
      "reqProcessCode" : "",
      "reqProcessListType" : "",
      "reqProcessName" : "",
      "rightLeft" : "",
      "sgkAmount" : null,
      "statusCode" : "P",
      "surgeryId" : null,
      "swiftCode" : "",
      "timeStamp" : 1568377020000,
      "userid" : null,
      "vatRate" : null,
      "claimSurgeryDetailDto" : null,
      "healthClaimDiagnosisDto" : null,
      "notMatch" : false
    } ],
    "notMatchProcessList" : null,
    "itemList" : [ ],
    "rejectLossList" : [ {
      "claimId" : 42650567,
      "sfNo" : 1,
      "addOrderNo" : 1,
      "extReference" : "58691673",
      "itemCode" : "12",
      "subItemCode" : "21",
      "barcode" : 8699522967216,
      "seqNo" : 3,
      "ubbCode" : "0",
      "locationCode" : 0,
      "coverCode" : "0",
      "mainCode" : "15",
      "processCodeMain" : 0,
      "processCodeSub1" : 0,
      "processCodeSub2" : 0,
      "entryDate" : null,
      "isBreDecision" : "1",
      "refuseAmount" : 0,
      "refuseExplanation" : "Poliçede talep ile ilgili teminatın olmaması nedeniyle tarafımızdan karşılanamamaktadır.",
      "timeStamp" : null,
      "userid" : null,
      "fileLevelReject" : false
    }, {
      "claimId" : 42650567,
      "sfNo" : 1,
      "addOrderNo" : 1,
      "extReference" : "58691673",
      "itemCode" : "12",
      "subItemCode" : "21",
      "barcode" : 8699572960052,
      "seqNo" : 7,
      "ubbCode" : "0",
      "locationCode" : 0,
      "coverCode" : "0",
      "mainCode" : "15",
      "processCodeMain" : 0,
      "processCodeSub1" : 0,
      "processCodeSub2" : 0,
      "entryDate" : null,
      "isBreDecision" : "1",
      "refuseAmount" : 0,
      "refuseExplanation" : "Poliçede talep ile ilgili teminatın olmaması nedeniyle tarafımızdan karşılanamamaktadır.",
      "timeStamp" : null,
      "userid" : null,
      "fileLevelReject" : false
    }, {
      "claimId" : 42650567,
      "sfNo" : 1,
      "addOrderNo" : 1,
      "extReference" : "58691673",
      "itemCode" : "12",
      "subItemCode" : "21",
      "barcode" : 8699716963321,
      "seqNo" : 5,
      "ubbCode" : "0",
      "locationCode" : 0,
      "coverCode" : "0",
      "mainCode" : "15",
      "processCodeMain" : 0,
      "processCodeSub1" : 0,
      "processCodeSub2" : 0,
      "entryDate" : null,
      "isBreDecision" : "1",
      "refuseAmount" : 0,
      "refuseExplanation" : "Poliçede talep ile ilgili teminatın olmaması nedeniyle tarafımızdan karşılanamamaktadır.",
      "timeStamp" : null,
      "userid" : null,
      "fileLevelReject" : false
    }, {
      "claimId" : 42650567,
      "sfNo" : 1,
      "addOrderNo" : 1,
      "extReference" : "58691673",
      "itemCode" : "14",
      "subItemCode" : "15",
      "barcode" : 8699522967216,
      "seqNo" : 2,
      "ubbCode" : "0",
      "locationCode" : 910,
      "coverCode" : "S659",
      "mainCode" : "11",
      "processCodeMain" : 0,
      "processCodeSub1" : 0,
      "processCodeSub2" : 0,
      "entryDate" : null,
      "isBreDecision" : "1",
      "refuseAmount" : 97.93,
      "refuseExplanation" : "Kuduz, tetanoz ve ilgili poliçe ilaç teminatında belirtilen çocukluk çağı aşıları dışındaki her türlü koruyucu aşı ile ilaçlar teminatlarımızın dışındadır.",
      "timeStamp" : null,
      "userid" : null,
      "fileLevelReject" : false
    }, {
      "claimId" : 42650567,
      "sfNo" : 1,
      "addOrderNo" : 1,
      "extReference" : "58691673",
      "itemCode" : "14",
      "subItemCode" : "15",
      "barcode" : 8699572960052,
      "seqNo" : 6,
      "ubbCode" : "0",
      "locationCode" : 910,
      "coverCode" : "S659",
      "mainCode" : "11",
      "processCodeMain" : 0,
      "processCodeSub1" : 0,
      "processCodeSub2" : 0,
      "entryDate" : null,
      "isBreDecision" : "1",
      "refuseAmount" : 132.14,
      "refuseExplanation" : "Kuduz, tetanoz ve ilgili poliçe ilaç teminatında belirtilen çocukluk çağı aşıları dışındaki her türlü koruyucu aşı ile ilaçlar teminatlarımızın dışındadır.",
      "timeStamp" : null,
      "userid" : null,
      "fileLevelReject" : false
    }, {
      "claimId" : 42650567,
      "sfNo" : 1,
      "addOrderNo" : 1,
      "extReference" : "58691673",
      "itemCode" : "14",
      "subItemCode" : "15",
      "barcode" : 8699716963321,
      "seqNo" : 4,
      "ubbCode" : "0",
      "locationCode" : 910,
      "coverCode" : "S659",
      "mainCode" : "11",
      "processCodeMain" : 0,
      "processCodeSub1" : 0,
      "processCodeSub2" : 0,
      "entryDate" : null,
      "isBreDecision" : "1",
      "refuseAmount" : 95.13,
      "refuseExplanation" : "Kuduz, tetanoz ve ilgili poliçe ilaç teminatında belirtilen çocukluk çağı aşıları dışındaki her türlü koruyucu aşı ile ilaçlar teminatlarımızın dışındadır.",
      "timeStamp" : null,
      "userid" : null,
      "fileLevelReject" : false
    }, {
      "claimId" : 42650567,
      "sfNo" : 1,
      "addOrderNo" : 1,
      "extReference" : "58691673",
      "itemCode" : "12",
      "subItemCode" : "21",
      "barcode" : 0,
      "seqNo" : 1,
      "ubbCode" : "0",
      "locationCode" : 910,
      "coverCode" : "S762",
      "mainCode" : "15",
      "processCodeMain" : 10,
      "processCodeSub1" : 10,
      "processCodeSub2" : 101,
      "entryDate" : null,
      "isBreDecision" : "1",
      "refuseAmount" : 201.15,
      "refuseExplanation" : "Poliçede talep ile ilgili teminatın olmaması nedeniyle tarafımızdan karşılanamamaktadır.",
      "timeStamp" : null,
      "userid" : null,
      "fileLevelReject" : false
    } ],
    "medicineList" : [ {
      "claimId" : 42650567,
      "sfNo" : 1,
      "addOrderNo" : 1,
      "extReference" : "58691673",
      "locationCode" : 910,
      "coverCode" : "S659",
      "barcode" : 8699522967216,
      "barcode2d" : "0",
      "seqNo" : 1,
      "barcodeExpiryDate" : "",
      "barcodeLotNum" : "",
      "barcodeSerialNum" : "",
      "breResultCode" : "PR",
      "classDisease4" : "",
      "controlExpiryDate" : null,
      "dosePeriod" : null,
      "dose1" : null,
      "dose2" : null,
      "dose3" : null,
      "dose3Period" : "",
      "dose4" : null,
      "dose4Period" : "",
      "drgCode" : "",
      "equMedicineApp" : null,
      "expiryDate" : null,
      "explanation" : "",
      "itemType" : "ASI",
      "noteId" : null,
      "orderNo" : "1",
      "price" : 97.93,
      "processCode" : "",
      "processCodeList" : "",
      "rejectExplanation" : "",
      "rejectUncheck" : null,
      "rejectUnit" : null,
      "reqMedicineBarcode" : 8699522967216,
      "reqMedicineName" : "",
      "secondBarcGiven" : null,
      "secondBarcode" : null,
      "statusCode" : "R",
      "surgeryId" : null,
      "timeStamp" : 1568377020000,
      "unit" : 1,
      "vatRate" : null,
      "coverStatusCode" : null
    }, {
      "claimId" : 42650567,
      "sfNo" : 1,
      "addOrderNo" : 1,
      "extReference" : "58691673",
      "locationCode" : 910,
      "coverCode" : "S659",
      "barcode" : 8699572960052,
      "barcode2d" : "0",
      "seqNo" : 2,
      "barcodeExpiryDate" : "",
      "barcodeLotNum" : "",
      "barcodeSerialNum" : "",
      "breResultCode" : "PR",
      "classDisease4" : "",
      "controlExpiryDate" : null,
      "dosePeriod" : null,
      "dose1" : null,
      "dose2" : null,
      "dose3" : null,
      "dose3Period" : "",
      "dose4" : null,
      "dose4Period" : "",
      "drgCode" : "",
      "equMedicineApp" : null,
      "expiryDate" : null,
      "explanation" : "",
      "itemType" : "ASI",
      "noteId" : null,
      "orderNo" : "3",
      "price" : 132.14,
      "processCode" : "",
      "processCodeList" : "",
      "rejectExplanation" : "",
      "rejectUncheck" : null,
      "rejectUnit" : null,
      "reqMedicineBarcode" : 8699572960052,
      "reqMedicineName" : "",
      "secondBarcGiven" : null,
      "secondBarcode" : null,
      "statusCode" : "R",
      "surgeryId" : null,
      "timeStamp" : 1568377020000,
      "unit" : 1,
      "vatRate" : null,
      "coverStatusCode" : null
    }, {
      "claimId" : 42650567,
      "sfNo" : 1,
      "addOrderNo" : 1,
      "extReference" : "58691673",
      "locationCode" : 910,
      "coverCode" : "S659",
      "barcode" : 8699716963321,
      "barcode2d" : "0",
      "seqNo" : 3,
      "barcodeExpiryDate" : "",
      "barcodeLotNum" : "",
      "barcodeSerialNum" : "",
      "breResultCode" : "PR",
      "classDisease4" : "",
      "controlExpiryDate" : null,
      "dosePeriod" : null,
      "dose1" : null,
      "dose2" : null,
      "dose3" : null,
      "dose3Period" : "",
      "dose4" : null,
      "dose4Period" : "",
      "drgCode" : "",
      "equMedicineApp" : null,
      "expiryDate" : null,
      "explanation" : "",
      "itemType" : "ASI",
      "noteId" : null,
      "orderNo" : "2",
      "price" : 95.13,
      "processCode" : "",
      "processCodeList" : "",
      "rejectExplanation" : "",
      "rejectUncheck" : null,
      "rejectUnit" : null,
      "reqMedicineBarcode" : 8699716963321,
      "reqMedicineName" : "",
      "secondBarcGiven" : null,
      "secondBarcode" : null,
      "statusCode" : "R",
      "surgeryId" : null,
      "timeStamp" : 1568377020000,
      "unit" : 1,
      "vatRate" : null,
      "coverStatusCode" : null
    } ],
    "vaccineList" : [ ],
    "diagnosisList" : null,
    "webAuthorizationList" : null,
    "surgeryDetailDtoList" : null,
    "patientInfoForm" : null,
    "patientRelationDetailDto" : null,
    "affluentFlag" : null,
    "beforeComplaintIllness" : "",
    "breResultCode" : "PP",
    "claimInstLoc" : "YI",
    "claimInstType" : "AK",
    "classDisease1" : "30J21",
    "classDisease2" : "",
    "classDisease3" : "",
    "closeDate" : null,
    "commDate" : null,
    "communicationExp1" : "",
    "communicationExp2" : "",
    "communicationNo" : null,
    "communicationNumber1" : "",
    "communicationNumber2" : "",
    "complaintStart" : "",
    "consultationDiagnosis" : "",
    "contractMessage" : "",
    "countryCode" : "",
    "cpaStatus" : "",
    "dateOfLoss" : 1568376927000,
    "deductionRate" : null,
    "dhInst" : null,
    "dischargeDate" : 1568322000000,
    "doctorCode" : 200447,
    "doctorStatus" : "",
    "doctorType" : "Anlaşmalı Doktor",
    "drDiplomaNo" : "",
    "drNameLastname" : "AJLAN ÇERÇİ",
    "exGratiaFee" : null,
    "examDate" : null,
    "examinationsResults" : "",
    "explanation" : "",
    "extDoctorAmt" : null,
    "finalClassDisease1" : "30J21",
    "finalClassDisease2" : "",
    "finalClassDisease3" : "",
    "fromCityCode" : "",
    "fromDistrictCode" : "",
    "fromToPlace" : "",
    "groupCode" : "S41685",
    "hasUnreadableDoc" : "",
    "hlthSrvPay" : null,
    "hospitalAmt" : null,
    "hospitalRefNo" : "",
    "hospitalizeApprFormExpl1" : "",
    "hospitalizeApprFormExpl2" : "",
    "hospitalizeDate" : 1568322000000,
    "identitiyType" : "",
    "identityNo" : "41965456976",
    "identityNumber" : "",
    "instGlnCode" : "",
    "instTaxNumber" : "",
    "instTaxOffice" : "",
    "instituteCode" : 175,
    "invoiceDate" : null,
    "invoiceExplanation" : "",
    "invoiceNo" : "",
    "invoiceTotal" : null,
    "ahek" : false,
    "automated" : false,
    "complementary" : false,
    "exGratia" : false,
    "extDoctor" : false,
    "judicial" : false,
    "ok" : false,
    "onlyExaminationFee" : false,
    "original" : false,
    "patientVisitMade" : false,
    "pregnant" : false,
    "referral" : false,
    "sgkUsed" : false,
    "suspense" : false,
    "urgentCure" : false,
    "web" : true,
    "wrongProvision" : false,
    "lastMenstDate" : null,
    "medicalBackground" : "",
    "medulaDate" : null,
    "nationality" : "",
    "origClaimInstLoc" : "YI",
    "origClaimInstType" : "AK",
    "otherCountry" : "",
    "otherCountryCity" : "",
    "packageDate" : 1561928400000,
    "packageId" : 283651,
    "partId" : 114153477,
    "patientAdmittanceDate" : null,
    "patientComplaint" : "",
    "paymentTotal" : null,
    "personalNotes" : "",
    "plannedTreatmentProc" : "",
    "possDischargeDate" : null,
    "possHospitalizeDate" : null,
    "prediagnosisDiagnosis" : "",
    "prescriptionDate" : null,
    "prescriptionNo" : null,
    "prescriptionType" : null,
    "processDate" : 1568378762000,
    "processExp" : "",
    "provDemandDate" : null,
    "provisionDate" : 1568376927000,
    "provisionFeeChargeDate" : null,
    "provisionUserId" : "MEDISER28",
    "realizationDate" : null,
    "referralInstituteName" : "",
    "relClaimId" : null,
    "requestAmount" : null,
    "requestSystem" : "PORTAL",
    "sgkRefNo" : "",
    "sgkTotal" : 0,
    "shippingDate" : null,
    "shippingNo" : null,
    "socSecInstApp" : null,
    "specialtySubject" : "1090",
    "statusCode" : "R",
    "surgeryDate" : null,
    "suspenseDate" : null,
    "swiftCode" : "TL",
    "timeStamp" : null,
    "toCityCode" : "",
    "toDistrictCode" : "",
    "visitingReason" : null,
    "webLocationCode" : 910,
    "ytType" : "",
    "versionNo" : 1,
    "updateLimit" : true,
    "breDecisionLogList" : null,
    "previousStatusCode" : "PR",
    "denySms" : false,
    "verifiedFromMedula" : null,
    "eprescriptionNo" : null
  },
  "commData" : null,
  "overPrice" : null,
  "resultDto" : {
    "successfull" : true,
    "errorExplanation" : null
  }
}