{
              "contractId" : "489033702",
              "instituteCode" : "175",
              "partitionNo" : "48",
              "realizationDate" : "2019-09-13T15:15:27.000+03:00",
              "logId" : "137898204",
              "claimDetailDto" : {"extReference" : "58691673",
              "claimId" : "42650567",
              "addOrderNo" : "1",
              "sfNo" : "1",
              "ahek" : "false",
              "automated" : "false",
              "beforeComplaintIllness" : "",
              "breResultCode" : "PP",
              "claimInstLoc" : "YI",
              "claimInstType" : "AK",
              "claimStatusType" : "PR",
              "classDisease1" : "30J21",
              "classDisease2" : "",
              "classDisease3" : "",
              "closeDate" : "",
              "commDate" : "",
              "communicationExp1" : "",
              "communicationExp2" : "",
              "communicationNo" : "",
              "communicationNumber1" : "",
              "communicationNumber2" : "",
              "complaintStart" : "",
              "complementary" : "false",
              "consultationDiagnosis" : "",
              "contractMessage" : "",
              "countryCode" : "",
              "cpaStatus" : "",
              "dateOfLoss" : "2019-09-13T15:15:27.000+03:00",
              "deductionRate" : "",
              "dhInst" : "",
              "dischargeDate" : "2019-09-13T00:00:00.000+03:00",
              "doctorCode" : "200447",
              "doctorStatus" : "",
              "doctorType" : "Anlaşmalı Doktor",
              "drDiplomaNo" : "",
              "drNameLastname" : "AJLAN ÇERÇİ",
              "eprescriptionNo" : "",
              "exGratia" : "false",
              "exGratiaFee" : "",
              "examDate" : "",
              "examinationsResults" : "",
              "explanation" : "",
              "extDoctor" : "false",
              "extDoctorAmt" : "",
              "finalClassDisease1" : "30J21",
              "finalClassDisease2" : "",
              "finalClassDisease3" : "",
              "fromCityCode" : "",
              "fromDistrictCode" : "",
              "fromToPlace" : "",
              "groupCode" : "S41685",
              "hasUnreadableDoc" : "",
              "hlthSrvPay" : "",
              "hospitalAmt" : "",
              "hospitalRefNo" : "",
              "hospitalizeApprFormExpl1" : "",
              "hospitalizeApprFormExpl2" : "",
              "hospitalizeDate" : "2019-09-13T00:00:00.000+03:00",
              "identitiyType" : "",
              "identityNo" : "41965456976",
              "identityNumber" : "",
              "instGlnCode" : "",
              "instTaxNumber" : "",
              "instTaxOffice" : "",
              "instituteCode" : "175",
              "invoiceDate" : "",
              "invoiceExplanation" : "",
              "invoiceNo" : "",
              "invoiceTotal" : "",
              "judicial" : "false",
              "lastMenstDate" : "",
              "medicalBackground" : "",
              "medulaDate" : "",
              "nationality" : "",
              "ok" : "false",
              "onlyExaminationFee" : "false",
              "origClaimInstLoc" : "YI",
              "origClaimInstType" : "AK",
              "original" : "false",
              "otherCountry" : "",
              "otherCountryCity" : "",
              "packageDate" : "2019-07-01T00:00:00.000+03:00",
              "packageId" : "283651",
              "partId" : "114153477",
              "patientAdmittanceDate" : "",
              "patientComplaint" : "",
              "patientVisitMade" : "false",
              "paymentTotal" : "",
              "personalNotes" : "",
              "plannedTreatmentProc" : "",
              "possDischargeDate" : "",
              "possHospitalizeDate" : "",
              "prediagnosisDiagnosis" : "",
              "pregnant" : "false",
              "prescriptionDate" : "",
              "prescriptionNo" : "",
              "prescriptionType" : "",
              "processDate" : "2019-09-13T15:46:02.000+03:00",
              "provisionFeeChargeDate" : "",
              "provisionDate" : "2019-09-13T15:15:27.000+03:00",
              "provisionUserId" : "MEDISER28",
              "provDemandDate" : "",
              "processExp" : "",
              "sgkRefNo" : "",
              "socSecInstApp" : "",
              "shippingDate" : "",
              "shippingNo" : "",
              "realizationDate" : "",
              "relClaimId" : "",
              "sgkTotal" : "0",
              "referralInstituteName" : "",
              "requestAmount" : "",
              "requestSystem" : "PORTAL",
              "sgkUsed" : "false",
              "referral" : "false",
              "suspense" : "false",
              "suspenseDate" : "",
              "specialtySubject" : "1090",
              "statusCode" : "PR",
              "swiftCode" : "TL",
              "toCityCode" : "",
              "toDistrictCode" : "",
              "timeStamp" : "",
              "surgeryDate" : "",
              "visitingReason" : "",
              "urgentCure" : "false",
              "wrongProvision" : "false",
              "web" : "true",
              "webLocationCode" : "910",
              "ytType" : "",
              "updateLimit" : "true",
              "versionNo" : "1",
              "previousStatusCode" : "PP",
              "denySms":"false",
                  "itemList" : [],
                  "medicineList" : [{
                "claimId" : "42650567",
                "addOrderNo" : "1",
                "coverCode" : "S659",
                "barcode" : "8699522967216",
                "classDisease4" : "",
                "controlExpiryDate" : "",
                "barcode2d" : "0",
                "barcodeSerialNum" : "",
                "barcodeExpiryDate" : "",
                "barcodeLotNum" : "",
                "breResultCode" : "PR",
                "locationCode" : "910",
                "dosePeriod" : "",
                "dose1" : "",
                "dose2" : "",
                "equMedicineApp" : "",
                "dose3" : "",
                "dose3Period" : "",
                "expiryDate" : "",
                "dose4" : "",
                "dose4Period" : "",
                "noteId" : "",
                "itemType" : "ASI",
                "drgCode" : "",
                "explanation" : "",
                "sfNo" : "1",
                "unit" : "1",
                "price" : "97.93",
                "secondBarcode" : "",
                "statusCode" : "PR",
                "rejectUncheck" : "",
                "rejectUnit" : "",
                "rejectExplanation" : "",
                "secondBarcGiven" : "",
                "timeStamp" : "2019-09-13T15:17:00.000+03:00",
                "orderNo" : "1",
                "surgeryId" : "",
                "vatRate" : "",
                "seqNo" : "1",
                "processCode" : "",
                "processCodeList" : "",
                "reqMedicineName" : "",
                "reqMedicineBarcode" : "8699522967216"
              },{
                "claimId" : "42650567",
                "addOrderNo" : "1",
                "coverCode" : "S659",
                "barcode" : "8699572960052",
                "classDisease4" : "",
                "controlExpiryDate" : "",
                "barcode2d" : "0",
                "barcodeSerialNum" : "",
                "barcodeExpiryDate" : "",
                "barcodeLotNum" : "",
                "breResultCode" : "PR",
                "locationCode" : "910",
                "dosePeriod" : "",
                "dose1" : "",
                "dose2" : "",
                "equMedicineApp" : "",
                "dose3" : "",
                "dose3Period" : "",
                "expiryDate" : "",
                "dose4" : "",
                "dose4Period" : "",
                "noteId" : "",
                "itemType" : "ASI",
                "drgCode" : "",
                "explanation" : "",
                "sfNo" : "1",
                "unit" : "1",
                "price" : "132.14",
                "secondBarcode" : "",
                "statusCode" : "PR",
                "rejectUncheck" : "",
                "rejectUnit" : "",
                "rejectExplanation" : "",
                "secondBarcGiven" : "",
                "timeStamp" : "2019-09-13T15:17:00.000+03:00",
                "orderNo" : "3",
                "surgeryId" : "",
                "vatRate" : "",
                "seqNo" : "3",
                "processCode" : "",
                "processCodeList" : "",
                "reqMedicineName" : "",
                "reqMedicineBarcode" : "8699572960052"
              },{
                "claimId" : "42650567",
                "addOrderNo" : "1",
                "coverCode" : "S659",
                "barcode" : "8699716963321",
                "classDisease4" : "",
                "controlExpiryDate" : "",
                "barcode2d" : "0",
                "barcodeSerialNum" : "",
                "barcodeExpiryDate" : "",
                "barcodeLotNum" : "",
                "breResultCode" : "PR",
                "locationCode" : "910",
                "dosePeriod" : "",
                "dose1" : "",
                "dose2" : "",
                "equMedicineApp" : "",
                "dose3" : "",
                "dose3Period" : "",
                "expiryDate" : "",
                "dose4" : "",
                "dose4Period" : "",
                "noteId" : "",
                "itemType" : "ASI",
                "drgCode" : "",
                "explanation" : "",
                "sfNo" : "1",
                "unit" : "1",
                "price" : "95.13",
                "secondBarcode" : "",
                "statusCode" : "PR",
                "rejectUncheck" : "",
                "rejectUnit" : "",
                "rejectExplanation" : "",
                "secondBarcGiven" : "",
                "timeStamp" : "2019-09-13T15:17:00.000+03:00",
                "orderNo" : "2",
                "surgeryId" : "",
                "vatRate" : "",
                "seqNo" : "2",
                "processCode" : "",
                "processCodeList" : "",
                "reqMedicineName" : "",
                "reqMedicineBarcode" : "8699716963321"
              }],
                  "processList": [{
                "claimId" : "42650567",
                "addOrderNo" : "1",
                "breResultCode" : "",
                "coverCode" : "S510",
                "groupNo" : "0",
                "discountGroupCode" : "DRON",
                "entranceDate" : "2019-09-13T00:00:00.000+03:00",
                "explanation" : "",
                "drgCode" : "",
                "doctorCode" : "",
                "doctorStatus" : "",
                "diagnosisId" : "",
                "locationCode" : "910",
                "processCodeMain" : "60",
                "processCodeSub1" : "10",
                "processCodeSub2" : "102",
                "indemnityAmount" : "112.64",
                "processGroup" : "HIAT",
                "processCount" : "1",
                "instIndemnityAmount" : "112.64",
                "orderNo" : "8",
                "procType" : "",
                "physiotherapySession" : "",
                "processDate" : "",
                "sfNo" : "1",
                "userId" : "MEDISER28",
                "statusCode" : "PP",
                "swiftCode" : "",
                "timeStamp" : "2019-09-13T15:17:00.000+03:00",
                "sgkAmount" : "",
                "vatRate" : "",
                "rightLeft" : "",
                "surgeryId" : "",
                "seqNo" : "3",
                "reqProcessName" : "",
                "reqProcessCode" : "",
                "reqProcessListType" : "",
                "relatedProcess" : "",
                "relatedProcessListType" : ""
              },{
                "claimId" : "42650567",
                "addOrderNo" : "1",
                "breResultCode" : "",
                "coverCode" : "S510",
                "groupNo" : "0",
                "discountGroupCode" : "DRON",
                "entranceDate" : "2019-09-13T00:00:00.000+03:00",
                "explanation" : "",
                "drgCode" : "",
                "doctorCode" : "",
                "doctorStatus" : "",
                "diagnosisId" : "",
                "locationCode" : "910",
                "processCodeMain" : "60",
                "processCodeSub1" : "10",
                "processCodeSub2" : "103",
                "indemnityAmount" : "157.7",
                "processGroup" : "HIAT",
                "processCount" : "1",
                "instIndemnityAmount" : "157.7",
                "orderNo" : "2",
                "procType" : "",
                "physiotherapySession" : "",
                "processDate" : "",
                "sfNo" : "1",
                "userId" : "MEDISER28",
                "statusCode" : "PP",
                "swiftCode" : "",
                "timeStamp" : "2019-09-13T15:17:00.000+03:00",
                "sgkAmount" : "",
                "vatRate" : "",
                "rightLeft" : "",
                "surgeryId" : "",
                "seqNo" : "1",
                "reqProcessName" : "",
                "reqProcessCode" : "",
                "reqProcessListType" : "",
                "relatedProcess" : "",
                "relatedProcessListType" : ""
              },{
                "claimId" : "42650567",
                "addOrderNo" : "1",
                "breResultCode" : "",
                "coverCode" : "S510",
                "groupNo" : "0",
                "discountGroupCode" : "USG",
                "entranceDate" : "2019-09-13T00:00:00.000+03:00",
                "explanation" : "",
                "drgCode" : "",
                "doctorCode" : "",
                "doctorStatus" : "",
                "diagnosisId" : "",
                "locationCode" : "910",
                "processCodeMain" : "60",
                "processCodeSub1" : "24",
                "processCodeSub2" : "109",
                "indemnityAmount" : "225.29",
                "processGroup" : "HIAT",
                "processCount" : "1",
                "instIndemnityAmount" : "225.29",
                "orderNo" : "9",
                "procType" : "",
                "physiotherapySession" : "",
                "processDate" : "",
                "sfNo" : "1",
                "userId" : "MEDISER28",
                "statusCode" : "PP",
                "swiftCode" : "",
                "timeStamp" : "2019-09-13T15:17:00.000+03:00",
                "sgkAmount" : "",
                "vatRate" : "",
                "rightLeft" : "",
                "surgeryId" : "",
                "seqNo" : "4",
                "reqProcessName" : "",
                "reqProcessCode" : "",
                "reqProcessListType" : "",
                "relatedProcess" : "",
                "relatedProcessListType" : ""
              },{
                "claimId" : "42650567",
                "addOrderNo" : "1",
                "breResultCode" : "",
                "coverCode" : "S510",
                "groupNo" : "0",
                "discountGroupCode" : "USG",
                "entranceDate" : "2019-09-13T00:00:00.000+03:00",
                "explanation" : "",
                "drgCode" : "",
                "doctorCode" : "",
                "doctorStatus" : "",
                "diagnosisId" : "",
                "locationCode" : "910",
                "processCodeMain" : "60",
                "processCodeSub1" : "24",
                "processCodeSub2" : "123",
                "indemnityAmount" : "281.61",
                "processGroup" : "HIAT",
                "processCount" : "1",
                "instIndemnityAmount" : "281.61",
                "orderNo" : "4",
                "procType" : "",
                "physiotherapySession" : "",
                "processDate" : "",
                "sfNo" : "1",
                "userId" : "MEDISER28",
                "statusCode" : "PP",
                "swiftCode" : "",
                "timeStamp" : "2019-09-13T15:17:00.000+03:00",
                "sgkAmount" : "",
                "vatRate" : "",
                "rightLeft" : "",
                "surgeryId" : "",
                "seqNo" : "2",
                "reqProcessName" : "",
                "reqProcessCode" : "",
                "reqProcessListType" : "",
                "relatedProcess" : "",
                "relatedProcessListType" : ""
              },{
                "claimId" : "42650567",
                "addOrderNo" : "1",
                "breResultCode" : "PP",
                "coverCode" : "S521",
                "groupNo" : "0",
                "discountGroupCode" : "BT",
                "entranceDate" : "2019-09-13T00:00:00.000+03:00",
                "explanation" : "",
                "drgCode" : "",
                "doctorCode" : "",
                "doctorStatus" : "",
                "diagnosisId" : "",
                "locationCode" : "910",
                "processCodeMain" : "60",
                "processCodeSub1" : "30",
                "processCodeSub2" : "108",
                "indemnityAmount" : "724.14",
                "processGroup" : "DEAT",
                "processCount" : "1",
                "instIndemnityAmount" : "724.14",
                "orderNo" : "11",
                "procType" : "",
                "physiotherapySession" : "",
                "processDate" : "",
                "sfNo" : "1",
                "userId" : "MEDISER28",
                "statusCode" : "PP",
                "swiftCode" : "",
                "timeStamp" : "2019-09-13T15:17:00.000+03:00",
                "sgkAmount" : "",
                "vatRate" : "",
                "rightLeft" : "",
                "surgeryId" : "",
                "seqNo" : "2",
                "reqProcessName" : "",
                "reqProcessCode" : "",
                "reqProcessListType" : "",
                "relatedProcess" : "",
                "relatedProcessListType" : ""
              },{
                "claimId" : "42650567",
                "addOrderNo" : "1",
                "breResultCode" : "PP",
                "coverCode" : "S521",
                "groupNo" : "0",
                "discountGroupCode" : "MR",
                "entranceDate" : "2019-09-13T00:00:00.000+03:00",
                "explanation" : "",
                "drgCode" : "",
                "doctorCode" : "",
                "doctorStatus" : "",
                "diagnosisId" : "",
                "locationCode" : "910",
                "processCodeMain" : "60",
                "processCodeSub1" : "34",
                "processCodeSub2" : "121",
                "indemnityAmount" : "772.42",
                "processGroup" : "DEAT",
                "processCount" : "1",
                "instIndemnityAmount" : "772.42",
                "orderNo" : "10",
                "procType" : "",
                "physiotherapySession" : "",
                "processDate" : "",
                "sfNo" : "1",
                "userId" : "MEDISER28",
                "statusCode" : "PP",
                "swiftCode" : "",
                "timeStamp" : "2019-09-13T15:17:00.000+03:00",
                "sgkAmount" : "",
                "vatRate" : "",
                "rightLeft" : "",
                "surgeryId" : "",
                "seqNo" : "1",
                "reqProcessName" : "",
                "reqProcessCode" : "",
                "reqProcessListType" : "",
                "relatedProcess" : "",
                "relatedProcessListType" : ""
              },{
                "claimId" : "42650567",
                "addOrderNo" : "1",
                "breResultCode" : "",
                "coverCode" : "S762",
                "groupNo" : "0",
                "discountGroupCode" : "YAT",
                "entranceDate" : "2019-09-13T00:00:00.000+03:00",
                "explanation" : "",
                "drgCode" : "",
                "doctorCode" : "",
                "doctorStatus" : "",
                "diagnosisId" : "",
                "locationCode" : "910",
                "processCodeMain" : "1",
                "processCodeSub1" : "10",
                "processCodeSub2" : "102",
                "indemnityAmount" : "",
                "processGroup" : "HIAT",
                "processCount" : "1",
                "instIndemnityAmount" : "0",
                "orderNo" : "1",
                "procType" : "",
                "physiotherapySession" : "",
                "processDate" : "",
                "sfNo" : "1",
                "userId" : "MEDISER28",
                "statusCode" : "PP",
                "swiftCode" : "",
                "timeStamp" : "2019-09-13T15:17:00.000+03:00",
                "sgkAmount" : "",
                "vatRate" : "",
                "rightLeft" : "",
                "surgeryId" : "",
                "seqNo" : "1",
                "reqProcessName" : "",
                "reqProcessCode" : "",
                "reqProcessListType" : "",
                "relatedProcess" : "",
                "relatedProcessListType" : ""
              },{
                "claimId" : "42650567",
                "addOrderNo" : "1",
                "breResultCode" : "R",
                "coverCode" : "S762",
                "groupNo" : "0",
                "discountGroupCode" : "DRAT",
                "entranceDate" : "2019-09-13T00:00:00.000+03:00",
                "explanation" : "",
                "drgCode" : "",
                "doctorCode" : "",
                "doctorStatus" : "",
                "diagnosisId" : "",
                "locationCode" : "910",
                "processCodeMain" : "10",
                "processCodeSub1" : "10",
                "processCodeSub2" : "101",
                "indemnityAmount" : "201.15",
                "processGroup" : "HIAT",
                "processCount" : "1",
                "instIndemnityAmount" : "201.15",
                "orderNo" : "3",
                "procType" : "",
                "physiotherapySession" : "",
                "processDate" : "",
                "sfNo" : "1",
                "userId" : "MEDISER28",
                "statusCode" : "PR",
                "swiftCode" : "",
                "timeStamp" : "2019-09-13T15:17:00.000+03:00",
                "sgkAmount" : "",
                "vatRate" : "",
                "rightLeft" : "",
                "surgeryId" : "",
                "seqNo" : "2",
                "reqProcessName" : "",
                "reqProcessCode" : "",
                "reqProcessListType" : "",
                "relatedProcess" : "",
                "relatedProcessListType" : ""
              },{
                "claimId" : "42650567",
                "addOrderNo" : "1",
                "breResultCode" : "",
                "coverCode" : "S762",
                "groupNo" : "0",
                "discountGroupCode" : "GENC",
                "entranceDate" : "2019-09-13T00:00:00.000+03:00",
                "explanation" : "",
                "drgCode" : "",
                "doctorCode" : "",
                "doctorStatus" : "",
                "diagnosisId" : "",
                "locationCode" : "910",
                "processCodeMain" : "17",
                "processCodeSub1" : "18",
                "processCodeSub2" : "102",
                "indemnityAmount" : "64.37",
                "processGroup" : "HIAT",
                "processCount" : "1",
                "instIndemnityAmount" : "64.37",
                "orderNo" : "6",
                "procType" : "",
                "physiotherapySession" : "",
                "processDate" : "",
                "sfNo" : "1",
                "userId" : "MEDISER28",
                "statusCode" : "PP",
                "swiftCode" : "",
                "timeStamp" : "2019-09-13T15:17:00.000+03:00",
                "sgkAmount" : "",
                "vatRate" : "",
                "rightLeft" : "",
                "surgeryId" : "",
                "seqNo" : "4",
                "reqProcessName" : "",
                "reqProcessCode" : "",
                "reqProcessListType" : "",
                "relatedProcess" : "",
                "relatedProcessListType" : ""
              },{
                "claimId" : "42650567",
                "addOrderNo" : "1",
                "breResultCode" : "",
                "coverCode" : "S762",
                "groupNo" : "0",
                "discountGroupCode" : "GENC",
                "entranceDate" : "2019-09-13T00:00:00.000+03:00",
                "explanation" : "",
                "drgCode" : "",
                "doctorCode" : "",
                "doctorStatus" : "",
                "diagnosisId" : "",
                "locationCode" : "910",
                "processCodeMain" : "17",
                "processCodeSub1" : "18",
                "processCodeSub2" : "105",
                "indemnityAmount" : "19.31",
                "processGroup" : "HIAT",
                "processCount" : "1",
                "instIndemnityAmount" : "19.31",
                "orderNo" : "7",
                "procType" : "",
                "physiotherapySession" : "",
                "processDate" : "",
                "sfNo" : "1",
                "userId" : "MEDISER28",
                "statusCode" : "PP",
                "swiftCode" : "",
                "timeStamp" : "2019-09-13T15:17:00.000+03:00",
                "sgkAmount" : "",
                "vatRate" : "",
                "rightLeft" : "",
                "surgeryId" : "",
                "seqNo" : "5",
                "reqProcessName" : "",
                "reqProcessCode" : "",
                "reqProcessListType" : "",
                "relatedProcess" : "",
                "relatedProcessListType" : ""
              },{
                "claimId" : "42650567",
                "addOrderNo" : "1",
                "breResultCode" : "",
                "coverCode" : "S762",
                "groupNo" : "0",
                "discountGroupCode" : "PEDİ",
                "entranceDate" : "2019-09-13T00:00:00.000+03:00",
                "explanation" : "",
                "drgCode" : "",
                "doctorCode" : "",
                "doctorStatus" : "",
                "diagnosisId" : "",
                "locationCode" : "910",
                "processCodeMain" : "22",
                "processCodeSub1" : "10",
                "processCodeSub2" : "103",
                "indemnityAmount" : "19.31",
                "processGroup" : "HIAT",
                "processCount" : "1",
                "instIndemnityAmount" : "19.31",
                "orderNo" : "5",
                "procType" : "",
                "physiotherapySession" : "",
                "processDate" : "",
                "sfNo" : "1",
                "userId" : "MEDISER28",
                "statusCode" : "PP",
                "swiftCode" : "",
                "timeStamp" : "2019-09-13T15:17:00.000+03:00",
                "sgkAmount" : "",
                "vatRate" : "",
                "rightLeft" : "",
                "surgeryId" : "",
                "seqNo" : "3",
                "reqProcessName" : "",
                "reqProcessCode" : "",
                "reqProcessListType" : "",
                "relatedProcess" : "",
                "relatedProcessListType" : ""
              }],
                  "provisionList": [{
                "daySeance" : "0",
                "exemptionAmount" : "0",
                "entryDate" : "2019-09-13T15:17:00.000+03:00",
                "countryCode" : "",
                "exemptionRate" : "0.2",
                "addOrderNo" : "1",
                "addProcAmount" : "0",
                "doctorCode" : "",
                "doctorStatus" : "",
                "breResultCode" : "",
                "coverDistributionAmount" : "0",
                "claimId" : "42650567",
                "coverCode" : "S510",
                "isExGratia" : "0",
                "isPoolCover" : "0",
                "isSpecialCover" : "0",
                "procRequestAmount" : "777.24",
                "procRefusalAmount" : "0",
                "instExemptionAmount" : "0",
                "instRequestAmount" : "777.24",
                "provDateTime" : "2019-09-13T15:17:00.000+03:00",
                "orderNo" : "",
                "instAddProcAmount" : "0",
                "locationCode" : "910",
                "provisionTotal" : "621.792",
                "provisionExplanation" : "dd",
                "requestAmount" : "777.24",
                "refusalAmount" : "0",
                "swiftCode" : "TL",
                "reqCureDayCount" : "0",
                "statusCode" : "PR",
                "userId" : "MEDISER28",
                "sysRequestAmount" : "777.24",
                "sgkAmount" : "0",
                "timeStamp" : "",
                "subPackageId" : "",
                "subPackageDate" : "",
                "sfNo" : "1"
              },{
                "daySeance" : "0",
                "exemptionAmount" : "0",
                "entryDate" : "2019-09-13T15:17:00.000+03:00",
                "countryCode" : "",
                "exemptionRate" : "0.2",
                "addOrderNo" : "1",
                "addProcAmount" : "0",
                "doctorCode" : "",
                "doctorStatus" : "",
                "breResultCode" : "",
                "coverDistributionAmount" : "0",
                "claimId" : "42650567",
                "coverCode" : "S521",
                "isExGratia" : "0",
                "isPoolCover" : "0",
                "isSpecialCover" : "0",
                "procRequestAmount" : "1496.56",
                "procRefusalAmount" : "0",
                "instExemptionAmount" : "0",
                "instRequestAmount" : "1496.56",
                "provDateTime" : "2019-09-13T15:17:00.000+03:00",
                "orderNo" : "",
                "instAddProcAmount" : "0",
                "locationCode" : "910",
                "provisionTotal" : "1197.248",
                "provisionExplanation" : "dd",
                "requestAmount" : "1496.56",
                "refusalAmount" : "0",
                "swiftCode" : "TL",
                "reqCureDayCount" : "0",
                "statusCode" : "PR",
                "userId" : "MEDISER28",
                "sysRequestAmount" : "1496.56",
                "sgkAmount" : "0",
                "timeStamp" : "",
                "subPackageId" : "",
                "subPackageDate" : "",
                "sfNo" : "1"
              },{
                "daySeance" : "0",
                "exemptionAmount" : "0",
                "entryDate" : "2019-09-13T15:17:00.000+03:00",
                "countryCode" : "",
                "exemptionRate" : "0",
                "addOrderNo" : "1",
                "addProcAmount" : "0",
                "doctorCode" : "",
                "doctorStatus" : "",
                "breResultCode" : "",
                "coverDistributionAmount" : "0",
                "claimId" : "42650567",
                "coverCode" : "S659",
                "isExGratia" : "0",
                "isPoolCover" : "0",
                "isSpecialCover" : "0",
                "procRequestAmount" : "0",
                "procRefusalAmount" : "0",
                "instExemptionAmount" : "0",
                "instRequestAmount" : "325.2",
                "provDateTime" : "2019-09-13T15:17:00.000+03:00",
                "orderNo" : "",
                "instAddProcAmount" : "0",
                "locationCode" : "910",
                "provisionTotal" : "0",
                "provisionExplanation" : "dd",
                "requestAmount" : "325.2",
                "refusalAmount" : "325.2",
                "swiftCode" : "TL",
                "reqCureDayCount" : "0",
                "statusCode" : "PR",
                "userId" : "MEDISER28",
                "sysRequestAmount" : "325.2",
                "sgkAmount" : "0",
                "timeStamp" : "",
                "subPackageId" : "",
                "subPackageDate" : "",
                "sfNo" : "1"
              },{
                "daySeance" : "0",
                "exemptionAmount" : "0",
                "entryDate" : "2019-09-13T15:17:00.000+03:00",
                "countryCode" : "",
                "exemptionRate" : "0",
                "addOrderNo" : "1",
                "addProcAmount" : "0",
                "doctorCode" : "",
                "doctorStatus" : "",
                "breResultCode" : "",
                "coverDistributionAmount" : "0",
                "claimId" : "42650567",
                "coverCode" : "S762",
                "isExGratia" : "0",
                "isPoolCover" : "0",
                "isSpecialCover" : "0",
                "procRequestAmount" : "304.14",
                "procRefusalAmount" : "201.15",
                "instExemptionAmount" : "0",
                "instRequestAmount" : "304.14",
                "provDateTime" : "2019-09-13T15:17:00.000+03:00",
                "orderNo" : "",
                "instAddProcAmount" : "0",
                "locationCode" : "910",
                "provisionTotal" : "102.99",
                "provisionExplanation" : "dd",
                "requestAmount" : "304.14",
                "refusalAmount" : "201.15",
                "swiftCode" : "TL",
                "reqCureDayCount" : "0",
                "statusCode" : "PR",
                "userId" : "MEDISER28",
                "sysRequestAmount" : "304.14",
                "sgkAmount" : "0",
                "timeStamp" : "",
                "subPackageId" : "",
                "subPackageDate" : "",
                "sfNo" : "1"
              }],
                  "rejectLossList": [{
                    "claimId" : "42650567",
                    "locationCode" : "0",
                    "addOrderNo" : "1",
                    "coverCode" : "0",
                    "itemCode" : "12",
                    "entryDate" : "",
                    "barcode" : "8699522967216",
                    "isBreDecision" : "1",
                    "sfNo" : "1",
                    "processCodeMain" : "0",
                    "processCodeSub1" : "0",
                    "processCodeSub2" : "0",
                    "mainCode" : "15",
                    "subItemCode" : "21",
                    "refuseExplanation" : "Poliçede talep ile ilgili teminatın olmaması nedeniyle tarafımızdan karşılanamamaktadır.",
                    "refuseAmount" : "0",
                    "userId" : "MEDISER28",
                    "timeStamp" : "",
                    "seqNo" : "3",
                    "ubbCode" : "0"
                 },{
                    "claimId" : "42650567",
                    "locationCode" : "0",
                    "addOrderNo" : "1",
                    "coverCode" : "0",
                    "itemCode" : "12",
                    "entryDate" : "",
                    "barcode" : "8699572960052",
                    "isBreDecision" : "1",
                    "sfNo" : "1",
                    "processCodeMain" : "0",
                    "processCodeSub1" : "0",
                    "processCodeSub2" : "0",
                    "mainCode" : "15",
                    "subItemCode" : "21",
                    "refuseExplanation" : "Poliçede talep ile ilgili teminatın olmaması nedeniyle tarafımızdan karşılanamamaktadır.",
                    "refuseAmount" : "0",
                    "userId" : "MEDISER28",
                    "timeStamp" : "",
                    "seqNo" : "7",
                    "ubbCode" : "0"
                 },{
                    "claimId" : "42650567",
                    "locationCode" : "0",
                    "addOrderNo" : "1",
                    "coverCode" : "0",
                    "itemCode" : "12",
                    "entryDate" : "",
                    "barcode" : "8699716963321",
                    "isBreDecision" : "1",
                    "sfNo" : "1",
                    "processCodeMain" : "0",
                    "processCodeSub1" : "0",
                    "processCodeSub2" : "0",
                    "mainCode" : "15",
                    "subItemCode" : "21",
                    "refuseExplanation" : "Poliçede talep ile ilgili teminatın olmaması nedeniyle tarafımızdan karşılanamamaktadır.",
                    "refuseAmount" : "0",
                    "userId" : "MEDISER28",
                    "timeStamp" : "",
                    "seqNo" : "5",
                    "ubbCode" : "0"
                 },{
                    "claimId" : "42650567",
                    "locationCode" : "910",
                    "addOrderNo" : "1",
                    "coverCode" : "S659",
                    "itemCode" : "14",
                    "entryDate" : "",
                    "barcode" : "8699522967216",
                    "isBreDecision" : "1",
                    "sfNo" : "1",
                    "processCodeMain" : "0",
                    "processCodeSub1" : "0",
                    "processCodeSub2" : "0",
                    "mainCode" : "11",
                    "subItemCode" : "15",
                    "refuseExplanation" : "Kuduz, tetanoz ve ilgili poliçe ilaç teminatında belirtilen çocukluk çağı aşıları dışındaki her türlü koruyucu aşı ile ilaçlar teminatlarımızın dışındadır.",
                    "refuseAmount" : "97.93",
                    "userId" : "MEDISER28",
                    "timeStamp" : "",
                    "seqNo" : "2",
                    "ubbCode" : "0"
                 },{
                    "claimId" : "42650567",
                    "locationCode" : "910",
                    "addOrderNo" : "1",
                    "coverCode" : "S659",
                    "itemCode" : "14",
                    "entryDate" : "",
                    "barcode" : "8699572960052",
                    "isBreDecision" : "1",
                    "sfNo" : "1",
                    "processCodeMain" : "0",
                    "processCodeSub1" : "0",
                    "processCodeSub2" : "0",
                    "mainCode" : "11",
                    "subItemCode" : "15",
                    "refuseExplanation" : "Kuduz, tetanoz ve ilgili poliçe ilaç teminatında belirtilen çocukluk çağı aşıları dışındaki her türlü koruyucu aşı ile ilaçlar teminatlarımızın dışındadır.",
                    "refuseAmount" : "132.14",
                    "userId" : "MEDISER28",
                    "timeStamp" : "",
                    "seqNo" : "6",
                    "ubbCode" : "0"
                 },{
                    "claimId" : "42650567",
                    "locationCode" : "910",
                    "addOrderNo" : "1",
                    "coverCode" : "S659",
                    "itemCode" : "14",
                    "entryDate" : "",
                    "barcode" : "8699716963321",
                    "isBreDecision" : "1",
                    "sfNo" : "1",
                    "processCodeMain" : "0",
                    "processCodeSub1" : "0",
                    "processCodeSub2" : "0",
                    "mainCode" : "11",
                    "subItemCode" : "15",
                    "refuseExplanation" : "Kuduz, tetanoz ve ilgili poliçe ilaç teminatında belirtilen çocukluk çağı aşıları dışındaki her türlü koruyucu aşı ile ilaçlar teminatlarımızın dışındadır.",
                    "refuseAmount" : "95.13",
                    "userId" : "MEDISER28",
                    "timeStamp" : "",
                    "seqNo" : "4",
                    "ubbCode" : "0"
                 },{
                    "claimId" : "42650567",
                    "locationCode" : "910",
                    "addOrderNo" : "1",
                    "coverCode" : "S762",
                    "itemCode" : "12",
                    "entryDate" : "",
                    "barcode" : "0",
                    "isBreDecision" : "1",
                    "sfNo" : "1",
                    "processCodeMain" : "10",
                    "processCodeSub1" : "10",
                    "processCodeSub2" : "101",
                    "mainCode" : "15",
                    "subItemCode" : "21",
                    "refuseExplanation" : "Poliçede talep ile ilgili teminatın olmaması nedeniyle tarafımızdan karşılanamamaktadır.",
                    "refuseAmount" : "201.15",
                    "userId" : "MEDISER28",
                    "timeStamp" : "",
                    "seqNo" : "1",
                    "ubbCode" : "0"
                 }],
                  "vaccineList" : []
               },
               "userDto" : {
                  "userId" : "MEDISER131",
                  "userName" : "MEDISER131"
               }
          }