{
              "contractId" : "442957220",
              "instituteCode" : "1657",
              "partitionNo" : "1380",
              "realizationDate" : "2019-05-17T00:00:00.000Z",
              "claimDetailDto" : {"extReference" : "56791809",
              "claimId" : "40181577",
              "addOrderNo" : "1",
              "sfNo" : "1",
              "ahek" : "false",
              "automated" : "false",
              "beforeComplaintIllness" : "",
              "breResultCode" : "PP",
              "claimInstLoc" : "YI",
              "claimInstType" : "AK",
              "claimStatusType" : "PP",
              "classDisease1" : "4J069",
              "classDisease2" : "",
              "classDisease3" : "",
              "closeDate" : "",
              "commDate" : "",
              "communicationExp1" : "",
              "communicationExp2" : "",
              "communicationNo" : "",
              "communicationNumber1" : "",
              "communicationNumber2" : "",
              "complaintStart" : "",
              "complementary" : "true",
              "consultationDiagnosis" : "",
              "contractMessage" : "",
              "countryCode" : "",
              "cpaStatus" : "",
              "dateOfLoss" : "2019-05-17T00:00:00.000Z",
              "deductionRate" : "",
              "dhInst" : "",
              "dischargeDate" : "2019-05-17T00:00:00.000Z",
              "doctorCode" : "265854",
              "doctorStatus" : "TT_FORMUNU_DOLDURAN",
              "doctorType" : "Anlaşmalı Doktor",
              "drDiplomaNo" : "130150",
              "drNameLastname" : "Z??LF?? ??ZKILI??",
              "eprescriptionNo" : "",
              "exGratia" : "false",
              "exGratiaFee" : "",
              "examDate" : "",
              "examinationsResults" : "",
              "explanation" : "",
              "extDoctor" : "false",
              "extDoctorAmt" : "",
              "finalClassDisease1" : "4J029",
              "finalClassDisease2" : "",
              "finalClassDisease3" : "",
              "fromCityCode" : "",
              "fromDistrictCode" : "",
              "fromToPlace" : "",
              "groupCode" : "S11159",
              "hasUnreadableDoc" : "",
              "hlthSrvPay" : "",
              "hospitalAmt" : "",
              "hospitalRefNo" : "",
              "hospitalizeApprFormExpl1" : "",
              "hospitalizeApprFormExpl2" : "",
              "hospitalizeDate" : "2019-05-17T00:00:00.000Z",
              "identitiyType" : "",
              "identityNo" : "36982669706",
              "identityNumber" : "",
              "instGlnCode" : "",
              "instTaxNumber" : "",
              "instTaxOffice" : "",
              "instituteCode" : "1657",
              "invoiceDate" : "",
              "invoiceExplanation" : "",
              "invoiceNo" : "",
              "invoiceTotal" : "",
              "judicial" : "false",
              "lastMenstDate" : "",
              "medicalBackground" : "",
              "medulaDate" : "2019-05-17T00:00:00.000Z",
              "nationality" : "",
              "ok" : "false",
              "onlyExaminationFee" : "false",
              "origClaimInstLoc" : "YI",
              "origClaimInstType" : "AK",
              "original" : "false",
              "otherCountry" : "",
              "otherCountryCity" : "",
              "packageDate" : "2019-01-01T00:00:00.000Z",
              "packageId" : "260618",
              "partId" : "28050037",
              "patientAdmittanceDate" : "2019-05-17T00:00:00.000Z",
              "patientComplaint" : "",
              "patientVisitMade" : "false",
              "paymentTotal" : "",
              "personalNotes" : "",
              "plannedTreatmentProc" : "",
              "possDischargeDate" : "2019-05-17T00:00:00.000Z",
              "possHospitalizeDate" : "2019-05-17T00:00:00.000Z",
              "prediagnosisDiagnosis" : "",
              "pregnant" : "false",
              "prescriptionDate" : "",
              "prescriptionNo" : "",
              "prescriptionType" : "",
              "processDate" : "2019-05-17T13:58:07.000Z",
              "provisionFeeChargeDate" : "",
              "provisionDate" : "2019-05-17T00:00:00.000Z",
              "provisionUserId" : "CKOCAAYAN",
              "provDemandDate" : "",
              "processExp" : "",
              "sgkRefNo" : "2VSsdfKDFR5H/A-1",
              "socSecInstApp" : "",
              "shippingDate" : "",
              "shippingNo" : "",
              "realizationDate" : "",
              "relClaimId" : "",
              "sgkTotal" : "10.370000000000001",
              "referralInstituteName" : "",
              "requestAmount" : "27.75",
              "requestSystem" : "ULAK",
              "sgkUsed" : "true",
              "referral" : "false",
              "suspense" : "false",
              "suspenseDate" : "",
              "specialtySubject" : "1280",
              "statusCode" : "PP",
              "swiftCode" : "TL",
              "toCityCode" : "",
              "toDistrictCode" : "",
              "timeStamp" : "",
              "surgeryDate" : "",
              "visitingReason" : "",
              "urgentCure" : "false",
              "wrongProvision" : "false",
              "web" : "true",
              "webLocationCode" : "920",
              "ytType" : "DIGER",
              "updateLimit" : "true",
              "versionNo" : "0",
                  "itemList" : [],
                  "medicineList" : [{
                "claimId" : "40181577",
                "addOrderNo" : "1",
                "coverCode" : "ST534",
                "barcode" : "8680184790106",
                "classDisease4" : "",
                "controlExpiryDate" : "",
                "barcode2d" : "0",
                "barcodeSerialNum" : "",
                "barcodeExpiryDate" : "",
                "barcodeLotNum" : "",
                "breResultCode" : "P",
                "locationCode" : "920",
                "dosePeriod" : "0",
                "dose1" : "",
                "dose2" : "",
                "equMedicineApp" : "",
                "dose3" : "",
                "dose3Period" : "",
                "expiryDate" : "",
                "dose4" : "",
                "dose4Period" : "",
                "noteId" : "",
                "itemType" : "ILAC",
                "drgCode" : "",
                "explanation" : "",
                "sfNo" : "1",
                "unit" : "1",
                "price" : "0",
                "secondBarcode" : "",
                "statusCode" : "P",
                "rejectUncheck" : "",
                "rejectUnit" : "",
                "rejectExplanation" : "",
                "secondBarcGiven" : "",
                "timeStamp" : "2019-05-17T13:40:03.000Z",
                "orderNo" : "54049128225",
                "surgeryId" : "",
                "vatRate" : "",
                "seqNo" : "15",
                "processCode" : "",
                "processCodeList" : "",
                "reqMedicineName" : "8680184790106",
                "reqMedicineBarcode" : "8680184790106"
              },{
                "claimId" : "40181577",
                "addOrderNo" : "1",
                "coverCode" : "ST534",
                "barcode" : "8680202600073",
                "classDisease4" : "",
                "controlExpiryDate" : "",
                "barcode2d" : "0",
                "barcodeSerialNum" : "",
                "barcodeExpiryDate" : "",
                "barcodeLotNum" : "",
                "breResultCode" : "P",
                "locationCode" : "920",
                "dosePeriod" : "0",
                "dose1" : "",
                "dose2" : "",
                "equMedicineApp" : "",
                "dose3" : "",
                "dose3Period" : "",
                "expiryDate" : "",
                "dose4" : "",
                "dose4Period" : "",
                "noteId" : "",
                "itemType" : "ILAC",
                "drgCode" : "",
                "explanation" : "",
                "sfNo" : "1",
                "unit" : "1",
                "price" : "0",
                "secondBarcode" : "",
                "statusCode" : "P",
                "rejectUncheck" : "",
                "rejectUnit" : "",
                "rejectExplanation" : "",
                "secondBarcGiven" : "",
                "timeStamp" : "2019-05-17T13:40:03.000Z",
                "orderNo" : "54277980882",
                "surgeryId" : "",
                "vatRate" : "",
                "seqNo" : "1",
                "processCode" : "",
                "processCodeList" : "",
                "reqMedicineName" : "8680202600073",
                "reqMedicineBarcode" : "8680202600073"
              },{
                "claimId" : "40181577",
                "addOrderNo" : "1",
                "coverCode" : "ST534",
                "barcode" : "8680643750290",
                "classDisease4" : "",
                "controlExpiryDate" : "",
                "barcode2d" : "0",
                "barcodeSerialNum" : "",
                "barcodeExpiryDate" : "",
                "barcodeLotNum" : "",
                "breResultCode" : "P",
                "locationCode" : "920",
                "dosePeriod" : "0",
                "dose1" : "",
                "dose2" : "",
                "equMedicineApp" : "",
                "dose3" : "",
                "dose3Period" : "",
                "expiryDate" : "",
                "dose4" : "",
                "dose4Period" : "",
                "noteId" : "",
                "itemType" : "ILAC",
                "drgCode" : "",
                "explanation" : "",
                "sfNo" : "1",
                "unit" : "1",
                "price" : "0",
                "secondBarcode" : "",
                "statusCode" : "P",
                "rejectUncheck" : "",
                "rejectUnit" : "",
                "rejectExplanation" : "",
                "secondBarcGiven" : "",
                "timeStamp" : "2019-05-17T13:40:03.000Z",
                "orderNo" : "54189529708",
                "surgeryId" : "",
                "vatRate" : "",
                "seqNo" : "12",
                "processCode" : "",
                "processCodeList" : "",
                "reqMedicineName" : "8680643750290",
                "reqMedicineBarcode" : "8680643750290"
              },{
                "claimId" : "40181577",
                "addOrderNo" : "1",
                "coverCode" : "ST534",
                "barcode" : "8681332750102",
                "classDisease4" : "",
                "controlExpiryDate" : "",
                "barcode2d" : "0",
                "barcodeSerialNum" : "",
                "barcodeExpiryDate" : "",
                "barcodeLotNum" : "",
                "breResultCode" : "P",
                "locationCode" : "920",
                "dosePeriod" : "0",
                "dose1" : "",
                "dose2" : "",
                "equMedicineApp" : "",
                "dose3" : "",
                "dose3Period" : "",
                "expiryDate" : "",
                "dose4" : "",
                "dose4Period" : "",
                "noteId" : "",
                "itemType" : "ILAC",
                "drgCode" : "",
                "explanation" : "",
                "sfNo" : "1",
                "unit" : "1",
                "price" : "0",
                "secondBarcode" : "",
                "statusCode" : "P",
                "rejectUncheck" : "",
                "rejectUnit" : "",
                "rejectExplanation" : "",
                "secondBarcGiven" : "",
                "timeStamp" : "2019-05-17T13:40:03.000Z",
                "orderNo" : "54201382494",
                "surgeryId" : "",
                "vatRate" : "",
                "seqNo" : "17",
                "processCode" : "",
                "processCodeList" : "",
                "reqMedicineName" : "8681332750102",
                "reqMedicineBarcode" : "8681332750102"
              },{
                "claimId" : "40181577",
                "addOrderNo" : "1",
                "coverCode" : "ST534",
                "barcode" : "8699508750542",
                "classDisease4" : "",
                "controlExpiryDate" : "",
                "barcode2d" : "0",
                "barcodeSerialNum" : "",
                "barcodeExpiryDate" : "",
                "barcodeLotNum" : "",
                "breResultCode" : "P",
                "locationCode" : "920",
                "dosePeriod" : "0",
                "dose1" : "",
                "dose2" : "",
                "equMedicineApp" : "",
                "dose3" : "",
                "dose3Period" : "",
                "expiryDate" : "",
                "dose4" : "",
                "dose4Period" : "",
                "noteId" : "",
                "itemType" : "ILAC",
                "drgCode" : "",
                "explanation" : "",
                "sfNo" : "1",
                "unit" : "1",
                "price" : "0",
                "secondBarcode" : "",
                "statusCode" : "P",
                "rejectUncheck" : "",
                "rejectUnit" : "",
                "rejectExplanation" : "",
                "secondBarcGiven" : "",
                "timeStamp" : "2019-05-17T13:40:03.000Z",
                "orderNo" : "54201382481",
                "surgeryId" : "",
                "vatRate" : "",
                "seqNo" : "18",
                "processCode" : "",
                "processCodeList" : "",
                "reqMedicineName" : "8699508750542",
                "reqMedicineBarcode" : "8699508750542"
              },{
                "claimId" : "40181577",
                "addOrderNo" : "1",
                "coverCode" : "ST534",
                "barcode" : "8699541791007",
                "classDisease4" : "",
                "controlExpiryDate" : "",
                "barcode2d" : "0",
                "barcodeSerialNum" : "",
                "barcodeExpiryDate" : "",
                "barcodeLotNum" : "",
                "breResultCode" : "PR",
                "locationCode" : "920",
                "dosePeriod" : "0",
                "dose1" : "",
                "dose2" : "",
                "equMedicineApp" : "",
                "dose3" : "",
                "dose3Period" : "",
                "expiryDate" : "",
                "dose4" : "",
                "dose4Period" : "",
                "noteId" : "",
                "itemType" : "ILAC",
                "drgCode" : "",
                "explanation" : "",
                "sfNo" : "1",
                "unit" : "1",
                "price" : "0",
                "secondBarcode" : "",
                "statusCode" : "PR",
                "rejectUncheck" : "",
                "rejectUnit" : "",
                "rejectExplanation" : "",
                "secondBarcGiven" : "",
                "timeStamp" : "2019-05-17T13:40:03.000Z",
                "orderNo" : "54201382486",
                "surgeryId" : "",
                "vatRate" : "",
                "seqNo" : "22",
                "processCode" : "",
                "processCodeList" : "",
                "reqMedicineName" : "8699541791007",
                "reqMedicineBarcode" : "8699541791007"
              },{
                "claimId" : "40181577",
                "addOrderNo" : "1",
                "coverCode" : "ST534",
                "barcode" : "8699717690011",
                "classDisease4" : "",
                "controlExpiryDate" : "",
                "barcode2d" : "0",
                "barcodeSerialNum" : "",
                "barcodeExpiryDate" : "",
                "barcodeLotNum" : "",
                "breResultCode" : "P",
                "locationCode" : "920",
                "dosePeriod" : "0",
                "dose1" : "",
                "dose2" : "",
                "equMedicineApp" : "",
                "dose3" : "",
                "dose3Period" : "",
                "expiryDate" : "",
                "dose4" : "",
                "dose4Period" : "",
                "noteId" : "",
                "itemType" : "ILAC",
                "drgCode" : "",
                "explanation" : "",
                "sfNo" : "1",
                "unit" : "1",
                "price" : "0",
                "secondBarcode" : "",
                "statusCode" : "P",
                "rejectUncheck" : "",
                "rejectUnit" : "",
                "rejectExplanation" : "",
                "secondBarcGiven" : "",
                "timeStamp" : "2019-05-17T13:40:03.000Z",
                "orderNo" : "54277980876",
                "surgeryId" : "",
                "vatRate" : "",
                "seqNo" : "8",
                "processCode" : "",
                "processCodeList" : "",
                "reqMedicineName" : "8699717690011",
                "reqMedicineBarcode" : "8699717690011"
              },{
                "claimId" : "40181577",
                "addOrderNo" : "1",
                "coverCode" : "ST534",
                "barcode" : "8699736750468",
                "classDisease4" : "",
                "controlExpiryDate" : "",
                "barcode2d" : "0",
                "barcodeSerialNum" : "",
                "barcodeExpiryDate" : "",
                "barcodeLotNum" : "",
                "breResultCode" : "P",
                "locationCode" : "920",
                "dosePeriod" : "0",
                "dose1" : "",
                "dose2" : "",
                "equMedicineApp" : "",
                "dose3" : "",
                "dose3Period" : "",
                "expiryDate" : "",
                "dose4" : "",
                "dose4Period" : "",
                "noteId" : "",
                "itemType" : "ILAC",
                "drgCode" : "",
                "explanation" : "",
                "sfNo" : "1",
                "unit" : "1",
                "price" : "0",
                "secondBarcode" : "",
                "statusCode" : "P",
                "rejectUncheck" : "",
                "rejectUnit" : "",
                "rejectExplanation" : "",
                "secondBarcGiven" : "",
                "timeStamp" : "2019-05-17T13:40:03.000Z",
                "orderNo" : "54189529705",
                "surgeryId" : "",
                "vatRate" : "",
                "seqNo" : "11",
                "processCode" : "",
                "processCodeList" : "",
                "reqMedicineName" : "8699736750468",
                "reqMedicineBarcode" : "8699736750468"
              },{
                "claimId" : "40181577",
                "addOrderNo" : "1",
                "coverCode" : "ST534",
                "barcode" : "8699788690613",
                "classDisease4" : "",
                "controlExpiryDate" : "",
                "barcode2d" : "0",
                "barcodeSerialNum" : "",
                "barcodeExpiryDate" : "",
                "barcodeLotNum" : "",
                "breResultCode" : "PR",
                "locationCode" : "920",
                "dosePeriod" : "0",
                "dose1" : "",
                "dose2" : "",
                "equMedicineApp" : "",
                "dose3" : "",
                "dose3Period" : "",
                "expiryDate" : "",
                "dose4" : "",
                "dose4Period" : "",
                "noteId" : "",
                "itemType" : "ILAC",
                "drgCode" : "",
                "explanation" : "",
                "sfNo" : "1",
                "unit" : "1",
                "price" : "0",
                "secondBarcode" : "",
                "statusCode" : "PR",
                "rejectUncheck" : "",
                "rejectUnit" : "",
                "rejectExplanation" : "",
                "secondBarcGiven" : "",
                "timeStamp" : "2019-05-17T13:40:03.000Z",
                "orderNo" : "54278023389",
                "surgeryId" : "",
                "vatRate" : "",
                "seqNo" : "2",
                "processCode" : "",
                "processCodeList" : "",
                "reqMedicineName" : "8699788690613",
                "reqMedicineBarcode" : "8699788690613"
              },{
                "claimId" : "40181577",
                "addOrderNo" : "1",
                "coverCode" : "ST534",
                "barcode" : "8699788690613",
                "classDisease4" : "",
                "controlExpiryDate" : "",
                "barcode2d" : "0",
                "barcodeSerialNum" : "",
                "barcodeExpiryDate" : "",
                "barcodeLotNum" : "",
                "breResultCode" : "PR",
                "locationCode" : "920",
                "dosePeriod" : "0",
                "dose1" : "",
                "dose2" : "",
                "equMedicineApp" : "",
                "dose3" : "",
                "dose3Period" : "",
                "expiryDate" : "",
                "dose4" : "",
                "dose4Period" : "",
                "noteId" : "",
                "itemType" : "ILAC",
                "drgCode" : "",
                "explanation" : "",
                "sfNo" : "1",
                "unit" : "1",
                "price" : "0",
                "secondBarcode" : "",
                "statusCode" : "PR",
                "rejectUncheck" : "",
                "rejectUnit" : "",
                "rejectExplanation" : "",
                "secondBarcGiven" : "",
                "timeStamp" : "2019-05-17T13:40:03.000Z",
                "orderNo" : "54277980872",
                "surgeryId" : "",
                "vatRate" : "",
                "seqNo" : "3",
                "processCode" : "",
                "processCodeList" : "",
                "reqMedicineName" : "8699788690613",
                "reqMedicineBarcode" : "8699788690613"
              },{
                "claimId" : "40181577",
                "addOrderNo" : "1",
                "coverCode" : "ST534",
                "barcode" : "8699788690613",
                "classDisease4" : "",
                "controlExpiryDate" : "",
                "barcode2d" : "0",
                "barcodeSerialNum" : "",
                "barcodeExpiryDate" : "",
                "barcodeLotNum" : "",
                "breResultCode" : "PR",
                "locationCode" : "920",
                "dosePeriod" : "0",
                "dose1" : "",
                "dose2" : "",
                "equMedicineApp" : "",
                "dose3" : "",
                "dose3Period" : "",
                "expiryDate" : "",
                "dose4" : "",
                "dose4Period" : "",
                "noteId" : "",
                "itemType" : "ILAC",
                "drgCode" : "",
                "explanation" : "",
                "sfNo" : "1",
                "unit" : "1",
                "price" : "0",
                "secondBarcode" : "",
                "statusCode" : "PR",
                "rejectUncheck" : "",
                "rejectUnit" : "",
                "rejectExplanation" : "",
                "secondBarcGiven" : "",
                "timeStamp" : "2019-05-17T13:40:03.000Z",
                "orderNo" : "54277980874",
                "surgeryId" : "",
                "vatRate" : "",
                "seqNo" : "4",
                "processCode" : "",
                "processCodeList" : "",
                "reqMedicineName" : "8699788690613",
                "reqMedicineBarcode" : "8699788690613"
              },{
                "claimId" : "40181577",
                "addOrderNo" : "1",
                "coverCode" : "ST534",
                "barcode" : "8699788693027",
                "classDisease4" : "",
                "controlExpiryDate" : "",
                "barcode2d" : "0",
                "barcodeSerialNum" : "",
                "barcodeExpiryDate" : "",
                "barcodeLotNum" : "",
                "breResultCode" : "PR",
                "locationCode" : "920",
                "dosePeriod" : "0",
                "dose1" : "",
                "dose2" : "",
                "equMedicineApp" : "",
                "dose3" : "",
                "dose3Period" : "",
                "expiryDate" : "",
                "dose4" : "",
                "dose4Period" : "",
                "noteId" : "",
                "itemType" : "ILAC",
                "drgCode" : "",
                "explanation" : "",
                "sfNo" : "1",
                "unit" : "1",
                "price" : "0",
                "secondBarcode" : "",
                "statusCode" : "PR",
                "rejectUncheck" : "",
                "rejectUnit" : "",
                "rejectExplanation" : "",
                "secondBarcGiven" : "",
                "timeStamp" : "2019-05-17T13:40:03.000Z",
                "orderNo" : "54277980861",
                "surgeryId" : "",
                "vatRate" : "",
                "seqNo" : "5",
                "processCode" : "",
                "processCodeList" : "",
                "reqMedicineName" : "8699788693027",
                "reqMedicineBarcode" : "8699788693027"
              },{
                "claimId" : "40181577",
                "addOrderNo" : "1",
                "coverCode" : "ST534",
                "barcode" : "8699788693027",
                "classDisease4" : "",
                "controlExpiryDate" : "",
                "barcode2d" : "0",
                "barcodeSerialNum" : "",
                "barcodeExpiryDate" : "",
                "barcodeLotNum" : "",
                "breResultCode" : "PR",
                "locationCode" : "920",
                "dosePeriod" : "0",
                "dose1" : "",
                "dose2" : "",
                "equMedicineApp" : "",
                "dose3" : "",
                "dose3Period" : "",
                "expiryDate" : "",
                "dose4" : "",
                "dose4Period" : "",
                "noteId" : "",
                "itemType" : "ILAC",
                "drgCode" : "",
                "explanation" : "",
                "sfNo" : "1",
                "unit" : "1",
                "price" : "0",
                "secondBarcode" : "",
                "statusCode" : "PR",
                "rejectUncheck" : "",
                "rejectUnit" : "",
                "rejectExplanation" : "",
                "secondBarcGiven" : "",
                "timeStamp" : "2019-05-17T13:40:03.000Z",
                "orderNo" : "54278023386",
                "surgeryId" : "",
                "vatRate" : "",
                "seqNo" : "6",
                "processCode" : "",
                "processCodeList" : "",
                "reqMedicineName" : "8699788693027",
                "reqMedicineBarcode" : "8699788693027"
              },{
                "claimId" : "40181577",
                "addOrderNo" : "1",
                "coverCode" : "ST534",
                "barcode" : "8699788693027",
                "classDisease4" : "",
                "controlExpiryDate" : "",
                "barcode2d" : "0",
                "barcodeSerialNum" : "",
                "barcodeExpiryDate" : "",
                "barcodeLotNum" : "",
                "breResultCode" : "PR",
                "locationCode" : "920",
                "dosePeriod" : "0",
                "dose1" : "",
                "dose2" : "",
                "equMedicineApp" : "",
                "dose3" : "",
                "dose3Period" : "",
                "expiryDate" : "",
                "dose4" : "",
                "dose4Period" : "",
                "noteId" : "",
                "itemType" : "ILAC",
                "drgCode" : "",
                "explanation" : "",
                "sfNo" : "1",
                "unit" : "1",
                "price" : "0",
                "secondBarcode" : "",
                "statusCode" : "PR",
                "rejectUncheck" : "",
                "rejectUnit" : "",
                "rejectExplanation" : "",
                "secondBarcGiven" : "",
                "timeStamp" : "2019-05-17T13:40:03.000Z",
                "orderNo" : "54277980864",
                "surgeryId" : "",
                "vatRate" : "",
                "seqNo" : "7",
                "processCode" : "",
                "processCodeList" : "",
                "reqMedicineName" : "8699788693027",
                "reqMedicineBarcode" : "8699788693027"
              },{
                "claimId" : "40181577",
                "addOrderNo" : "1",
                "coverCode" : "ST534",
                "barcode" : "8699788697513",
                "classDisease4" : "",
                "controlExpiryDate" : "",
                "barcode2d" : "0",
                "barcodeSerialNum" : "",
                "barcodeExpiryDate" : "",
                "barcodeLotNum" : "",
                "breResultCode" : "PR",
                "locationCode" : "920",
                "dosePeriod" : "0",
                "dose1" : "",
                "dose2" : "",
                "equMedicineApp" : "",
                "dose3" : "",
                "dose3Period" : "",
                "expiryDate" : "",
                "dose4" : "",
                "dose4Period" : "",
                "noteId" : "",
                "itemType" : "ILAC",
                "drgCode" : "",
                "explanation" : "",
                "sfNo" : "1",
                "unit" : "1",
                "price" : "0",
                "secondBarcode" : "",
                "statusCode" : "PR",
                "rejectUncheck" : "",
                "rejectUnit" : "",
                "rejectExplanation" : "",
                "secondBarcGiven" : "",
                "timeStamp" : "2019-05-17T13:40:03.000Z",
                "orderNo" : "54049128214",
                "surgeryId" : "",
                "vatRate" : "",
                "seqNo" : "13",
                "processCode" : "",
                "processCodeList" : "",
                "reqMedicineName" : "8699788697513",
                "reqMedicineBarcode" : "8699788697513"
              },{
                "claimId" : "40181577",
                "addOrderNo" : "1",
                "coverCode" : "ST534",
                "barcode" : "8699788698022",
                "classDisease4" : "",
                "controlExpiryDate" : "",
                "barcode2d" : "0",
                "barcodeSerialNum" : "",
                "barcodeExpiryDate" : "",
                "barcodeLotNum" : "",
                "breResultCode" : "PR",
                "locationCode" : "920",
                "dosePeriod" : "0",
                "dose1" : "",
                "dose2" : "",
                "equMedicineApp" : "",
                "dose3" : "",
                "dose3Period" : "",
                "expiryDate" : "",
                "dose4" : "",
                "dose4Period" : "",
                "noteId" : "",
                "itemType" : "ILAC",
                "drgCode" : "",
                "explanation" : "",
                "sfNo" : "1",
                "unit" : "1",
                "price" : "0",
                "secondBarcode" : "",
                "statusCode" : "PR",
                "rejectUncheck" : "",
                "rejectUnit" : "",
                "rejectExplanation" : "",
                "secondBarcGiven" : "",
                "timeStamp" : "2019-05-17T13:40:03.000Z",
                "orderNo" : "54201382483",
                "surgeryId" : "",
                "vatRate" : "",
                "seqNo" : "21",
                "processCode" : "",
                "processCodeList" : "",
                "reqMedicineName" : "8699788698022",
                "reqMedicineBarcode" : "8699788698022"
              },{
                "claimId" : "40181577",
                "addOrderNo" : "1",
                "coverCode" : "ST534",
                "barcode" : "8699788698183",
                "classDisease4" : "",
                "controlExpiryDate" : "",
                "barcode2d" : "0",
                "barcodeSerialNum" : "",
                "barcodeExpiryDate" : "",
                "barcodeLotNum" : "",
                "breResultCode" : "PR",
                "locationCode" : "920",
                "dosePeriod" : "0",
                "dose1" : "",
                "dose2" : "",
                "equMedicineApp" : "",
                "dose3" : "",
                "dose3Period" : "",
                "expiryDate" : "",
                "dose4" : "",
                "dose4Period" : "",
                "noteId" : "",
                "itemType" : "ILAC",
                "drgCode" : "",
                "explanation" : "",
                "sfNo" : "1",
                "unit" : "1",
                "price" : "0",
                "secondBarcode" : "",
                "statusCode" : "PR",
                "rejectUncheck" : "",
                "rejectUnit" : "",
                "rejectExplanation" : "",
                "secondBarcGiven" : "",
                "timeStamp" : "2019-05-17T13:40:03.000Z",
                "orderNo" : "54277980866",
                "surgeryId" : "",
                "vatRate" : "",
                "seqNo" : "9",
                "processCode" : "",
                "processCodeList" : "",
                "reqMedicineName" : "8699788698183",
                "reqMedicineBarcode" : "8699788698183"
              },{
                "claimId" : "40181577",
                "addOrderNo" : "1",
                "coverCode" : "ST534",
                "barcode" : "8699809750029",
                "classDisease4" : "",
                "controlExpiryDate" : "",
                "barcode2d" : "0",
                "barcodeSerialNum" : "",
                "barcodeExpiryDate" : "",
                "barcodeLotNum" : "",
                "breResultCode" : "P",
                "locationCode" : "920",
                "dosePeriod" : "0",
                "dose1" : "",
                "dose2" : "",
                "equMedicineApp" : "",
                "dose3" : "",
                "dose3Period" : "",
                "expiryDate" : "",
                "dose4" : "",
                "dose4Period" : "",
                "noteId" : "",
                "itemType" : "ILAC",
                "drgCode" : "",
                "explanation" : "",
                "sfNo" : "1",
                "unit" : "1",
                "price" : "0",
                "secondBarcode" : "",
                "statusCode" : "P",
                "rejectUncheck" : "",
                "rejectUnit" : "",
                "rejectExplanation" : "",
                "secondBarcGiven" : "",
                "timeStamp" : "2019-05-17T13:40:03.000Z",
                "orderNo" : "54201382489",
                "surgeryId" : "",
                "vatRate" : "",
                "seqNo" : "19",
                "processCode" : "",
                "processCodeList" : "",
                "reqMedicineName" : "8699809750029",
                "reqMedicineBarcode" : "8699809750029"
              },{
                "claimId" : "40181577",
                "addOrderNo" : "1",
                "coverCode" : "ST534",
                "barcode" : "8699844750404",
                "classDisease4" : "",
                "controlExpiryDate" : "",
                "barcode2d" : "0",
                "barcodeSerialNum" : "",
                "barcodeExpiryDate" : "",
                "barcodeLotNum" : "",
                "breResultCode" : "PR",
                "locationCode" : "920",
                "dosePeriod" : "0",
                "dose1" : "",
                "dose2" : "",
                "equMedicineApp" : "",
                "dose3" : "",
                "dose3Period" : "",
                "expiryDate" : "",
                "dose4" : "",
                "dose4Period" : "",
                "noteId" : "",
                "itemType" : "ILAC",
                "drgCode" : "",
                "explanation" : "",
                "sfNo" : "1",
                "unit" : "1",
                "price" : "0",
                "secondBarcode" : "",
                "statusCode" : "PR",
                "rejectUncheck" : "",
                "rejectUnit" : "",
                "rejectExplanation" : "",
                "secondBarcGiven" : "",
                "timeStamp" : "2019-05-17T13:40:03.000Z",
                "orderNo" : "54277980880",
                "surgeryId" : "",
                "vatRate" : "",
                "seqNo" : "10",
                "processCode" : "",
                "processCodeList" : "",
                "reqMedicineName" : "8699844750404",
                "reqMedicineBarcode" : "8699844750404"
              },{
                "claimId" : "40181577",
                "addOrderNo" : "1",
                "coverCode" : "ST534",
                "barcode" : "8699844750404",
                "classDisease4" : "",
                "controlExpiryDate" : "",
                "barcode2d" : "0",
                "barcodeSerialNum" : "",
                "barcodeExpiryDate" : "",
                "barcodeLotNum" : "",
                "breResultCode" : "PR",
                "locationCode" : "920",
                "dosePeriod" : "0",
                "dose1" : "",
                "dose2" : "",
                "equMedicineApp" : "",
                "dose3" : "",
                "dose3Period" : "",
                "expiryDate" : "",
                "dose4" : "",
                "dose4Period" : "",
                "noteId" : "",
                "itemType" : "ILAC",
                "drgCode" : "",
                "explanation" : "",
                "sfNo" : "1",
                "unit" : "1",
                "price" : "0",
                "secondBarcode" : "",
                "statusCode" : "PR",
                "rejectUncheck" : "",
                "rejectUnit" : "",
                "rejectExplanation" : "",
                "secondBarcGiven" : "",
                "timeStamp" : "2019-05-17T13:40:03.000Z",
                "orderNo" : "54049128220",
                "surgeryId" : "",
                "vatRate" : "",
                "seqNo" : "14",
                "processCode" : "",
                "processCodeList" : "",
                "reqMedicineName" : "8699844750404",
                "reqMedicineBarcode" : "8699844750404"
              },{
                "claimId" : "40181577",
                "addOrderNo" : "1",
                "coverCode" : "ST534",
                "barcode" : "8699844750862",
                "classDisease4" : "",
                "controlExpiryDate" : "",
                "barcode2d" : "0",
                "barcodeSerialNum" : "",
                "barcodeExpiryDate" : "",
                "barcodeLotNum" : "",
                "breResultCode" : "P",
                "locationCode" : "920",
                "dosePeriod" : "0",
                "dose1" : "",
                "dose2" : "",
                "equMedicineApp" : "",
                "dose3" : "",
                "dose3Period" : "",
                "expiryDate" : "",
                "dose4" : "",
                "dose4Period" : "",
                "noteId" : "",
                "itemType" : "ILAC",
                "drgCode" : "",
                "explanation" : "",
                "sfNo" : "1",
                "unit" : "1",
                "price" : "0",
                "secondBarcode" : "",
                "statusCode" : "P",
                "rejectUncheck" : "",
                "rejectUnit" : "",
                "rejectExplanation" : "",
                "secondBarcGiven" : "",
                "timeStamp" : "2019-05-17T13:40:03.000Z",
                "orderNo" : "54201382492",
                "surgeryId" : "",
                "vatRate" : "",
                "seqNo" : "20",
                "processCode" : "",
                "processCodeList" : "",
                "reqMedicineName" : "8699844750862",
                "reqMedicineBarcode" : "8699844750862"
              },{
                "claimId" : "40181577",
                "addOrderNo" : "1",
                "coverCode" : "ST534",
                "barcode" : "8699844770143",
                "classDisease4" : "",
                "controlExpiryDate" : "",
                "barcode2d" : "0",
                "barcodeSerialNum" : "",
                "barcodeExpiryDate" : "",
                "barcodeLotNum" : "",
                "breResultCode" : "P",
                "locationCode" : "920",
                "dosePeriod" : "0",
                "dose1" : "",
                "dose2" : "",
                "equMedicineApp" : "",
                "dose3" : "",
                "dose3Period" : "",
                "expiryDate" : "",
                "dose4" : "",
                "dose4Period" : "",
                "noteId" : "",
                "itemType" : "ILAC",
                "drgCode" : "",
                "explanation" : "",
                "sfNo" : "1",
                "unit" : "20",
                "price" : "0",
                "secondBarcode" : "",
                "statusCode" : "P",
                "rejectUncheck" : "",
                "rejectUnit" : "",
                "rejectExplanation" : "",
                "secondBarcGiven" : "",
                "timeStamp" : "2019-05-17T13:40:03.000Z",
                "orderNo" : "54017445418",
                "surgeryId" : "",
                "vatRate" : "",
                "seqNo" : "16",
                "processCode" : "",
                "processCodeList" : "",
                "reqMedicineName" : "8699844770143",
                "reqMedicineBarcode" : "8699844770143"
              }],
                  "processList": [{
                "claimId" : "40181577",
                "addOrderNo" : "1",
                "breResultCode" : "",
                "coverCode" : "ST534",
                "groupNo" : "0",
                "discountGroupCode" : "SUT-YATAK",
                "entranceDate" : "2019-05-17T00:00:00.000Z",
                "explanation" : "",
                "drgCode" : "",
                "doctorCode" : "",
                "doctorStatus" : "",
                "diagnosisId" : "",
                "locationCode" : "920",
                "processCodeMain" : "83",
                "processCodeSub1" : "10",
                "processCodeSub2" : "107",
                "indemnityAmount" : "50.48",
                "processGroup" : "YATT",
                "processCount" : "1",
                "instIndemnityAmount" : "50.48",
                "orderNo" : "54201382477",
                "procType" : "",
                "physiotherapySession" : "",
                "processDate" : "",
                "sfNo" : "1",
                "userId" : "CKOCAAYAN",
                "statusCode" : "PP",
                "swiftCode" : "",
                "timeStamp" : "2019-05-17T13:40:03.000Z",
                "sgkAmount" : "6.48",
                "vatRate" : "",
                "rightLeft" : "",
                "surgeryId" : "",
                "seqNo" : "2",
                "reqProcessName" : "G??nd??z yatak tarifesi",
                "reqProcessCode" : "510120",
                "reqProcessListType" : "SUT_LISTESI",
                "relatedProcess" : "",
                "relatedProcessListType" : ""
              },{
                "claimId" : "40181577",
                "addOrderNo" : "1",
                "breResultCode" : "",
                "coverCode" : "ST534",
                "groupNo" : "0",
                "discountGroupCode" : "SUT-YATAK",
                "entranceDate" : "2019-05-17T00:00:00.000Z",
                "explanation" : "",
                "drgCode" : "",
                "doctorCode" : "",
                "doctorStatus" : "",
                "diagnosisId" : "",
                "locationCode" : "920",
                "processCodeMain" : "83",
                "processCodeSub1" : "10",
                "processCodeSub2" : "107",
                "indemnityAmount" : "50.48",
                "processGroup" : "YATT",
                "processCount" : "1",
                "instIndemnityAmount" : "50.48",
                "orderNo" : "54017445413",
                "procType" : "",
                "physiotherapySession" : "",
                "processDate" : "",
                "sfNo" : "1",
                "userId" : "CKOCAAYAN",
                "statusCode" : "PP",
                "swiftCode" : "",
                "timeStamp" : "2019-05-17T13:40:03.000Z",
                "sgkAmount" : "6.48",
                "vatRate" : "",
                "rightLeft" : "",
                "surgeryId" : "",
                "seqNo" : "4",
                "reqProcessName" : "G??nd??z yatak tarifesi",
                "reqProcessCode" : "510120",
                "reqProcessListType" : "SUT_LISTESI",
                "relatedProcess" : "",
                "relatedProcessListType" : ""
              },{
                "claimId" : "40181577",
                "addOrderNo" : "1",
                "breResultCode" : "",
                "coverCode" : "ST534",
                "groupNo" : "0",
                "discountGroupCode" : "SUT-YATAK",
                "entranceDate" : "2019-05-17T00:00:00.000Z",
                "explanation" : "",
                "drgCode" : "",
                "doctorCode" : "",
                "doctorStatus" : "",
                "diagnosisId" : "",
                "locationCode" : "920",
                "processCodeMain" : "83",
                "processCodeSub1" : "10",
                "processCodeSub2" : "107",
                "indemnityAmount" : "50.48",
                "processGroup" : "YATT",
                "processCount" : "1",
                "instIndemnityAmount" : "50.48",
                "orderNo" : "54049128194",
                "procType" : "",
                "physiotherapySession" : "",
                "processDate" : "",
                "sfNo" : "1",
                "userId" : "CKOCAAYAN",
                "statusCode" : "PP",
                "swiftCode" : "",
                "timeStamp" : "2019-05-17T13:40:03.000Z",
                "sgkAmount" : "6.48",
                "vatRate" : "",
                "rightLeft" : "",
                "surgeryId" : "",
                "seqNo" : "6",
                "reqProcessName" : "G??nd??z yatak tarifesi",
                "reqProcessCode" : "510120",
                "reqProcessListType" : "SUT_LISTESI",
                "relatedProcess" : "",
                "relatedProcessListType" : ""
              },{
                "claimId" : "40181577",
                "addOrderNo" : "1",
                "breResultCode" : "",
                "coverCode" : "ST534",
                "groupNo" : "0",
                "discountGroupCode" : "SUT-YATAK",
                "entranceDate" : "2019-05-17T00:00:00.000Z",
                "explanation" : "",
                "drgCode" : "",
                "doctorCode" : "",
                "doctorStatus" : "",
                "diagnosisId" : "",
                "locationCode" : "920",
                "processCodeMain" : "83",
                "processCodeSub1" : "10",
                "processCodeSub2" : "107",
                "indemnityAmount" : "50.48",
                "processGroup" : "YATT",
                "processCount" : "1",
                "instIndemnityAmount" : "50.48",
                "orderNo" : "54189529692",
                "procType" : "",
                "physiotherapySession" : "",
                "processDate" : "",
                "sfNo" : "1",
                "userId" : "CKOCAAYAN",
                "statusCode" : "PP",
                "swiftCode" : "",
                "timeStamp" : "2019-05-17T13:40:03.000Z",
                "sgkAmount" : "6.48",
                "vatRate" : "",
                "rightLeft" : "",
                "surgeryId" : "",
                "seqNo" : "8",
                "reqProcessName" : "G??nd??z yatak tarifesi",
                "reqProcessCode" : "510120",
                "reqProcessListType" : "SUT_LISTESI",
                "relatedProcess" : "",
                "relatedProcessListType" : ""
              },{
                "claimId" : "40181577",
                "addOrderNo" : "1",
                "breResultCode" : "",
                "coverCode" : "ST534",
                "groupNo" : "0",
                "discountGroupCode" : "SUT-YATAK",
                "entranceDate" : "2019-05-17T00:00:00.000Z",
                "explanation" : "",
                "drgCode" : "",
                "doctorCode" : "",
                "doctorStatus" : "",
                "diagnosisId" : "",
                "locationCode" : "920",
                "processCodeMain" : "83",
                "processCodeSub1" : "10",
                "processCodeSub2" : "107",
                "indemnityAmount" : "50.48",
                "processGroup" : "YATT",
                "processCount" : "1",
                "instIndemnityAmount" : "50.48",
                "orderNo" : "54277980774",
                "procType" : "",
                "physiotherapySession" : "",
                "processDate" : "",
                "sfNo" : "1",
                "userId" : "CKOCAAYAN",
                "statusCode" : "PP",
                "swiftCode" : "",
                "timeStamp" : "2019-05-17T13:40:03.000Z",
                "sgkAmount" : "6.48",
                "vatRate" : "",
                "rightLeft" : "",
                "surgeryId" : "",
                "seqNo" : "10",
                "reqProcessName" : "G??nd??z yatak tarifesi",
                "reqProcessCode" : "510120",
                "reqProcessListType" : "SUT_LISTESI",
                "relatedProcess" : "",
                "relatedProcessListType" : ""
              },{
                "claimId" : "40181577",
                "addOrderNo" : "1",
                "breResultCode" : "",
                "coverCode" : "ST534",
                "groupNo" : "0",
                "discountGroupCode" : "SUT-GNLC",
                "entranceDate" : "2019-05-17T00:00:00.000Z",
                "explanation" : "",
                "drgCode" : "",
                "doctorCode" : "",
                "doctorStatus" : "",
                "diagnosisId" : "",
                "locationCode" : "920",
                "processCodeMain" : "85",
                "processCodeSub1" : "10",
                "processCodeSub2" : "103",
                "indemnityAmount" : "115.25",
                "processGroup" : "DEAT",
                "processCount" : "1",
                "instIndemnityAmount" : "115.25",
                "orderNo" : "54017445416",
                "procType" : "",
                "physiotherapySession" : "",
                "processDate" : "",
                "sfNo" : "1",
                "userId" : "CKOCAAYAN",
                "statusCode" : "PP",
                "swiftCode" : "",
                "timeStamp" : "2019-05-17T13:40:03.000Z",
                "sgkAmount" : "24.06",
                "vatRate" : "",
                "rightLeft" : "HICBIRI",
                "surgeryId" : "",
                "seqNo" : "3",
                "reqProcessName" : "Apse veya hematom drenaj??, y??zeyel
(Deri ve subk??tan dokular)",
                "reqProcessCode" : "530030",
                "reqProcessListType" : "SUT_LISTESI",
                "relatedProcess" : "",
                "relatedProcessListType" : ""
              },{
                "claimId" : "40181577",
                "addOrderNo" : "1",
                "breResultCode" : "",
                "coverCode" : "ST534",
                "groupNo" : "0",
                "discountGroupCode" : "SUT-GNLC",
                "entranceDate" : "2019-05-17T00:00:00.000Z",
                "explanation" : "",
                "drgCode" : "",
                "doctorCode" : "",
                "doctorStatus" : "",
                "diagnosisId" : "",
                "locationCode" : "920",
                "processCodeMain" : "85",
                "processCodeSub1" : "10",
                "processCodeSub2" : "107",
                "indemnityAmount" : "18.63",
                "processGroup" : "DEAT",
                "processCount" : "1",
                "instIndemnityAmount" : "18.63",
                "orderNo" : "54201382479",
                "procType" : "",
                "physiotherapySession" : "",
                "processDate" : "",
                "sfNo" : "1",
                "userId" : "CKOCAAYAN",
                "statusCode" : "PP",
                "swiftCode" : "",
                "timeStamp" : "2019-05-17T13:40:03.000Z",
                "sgkAmount" : "3.89",
                "vatRate" : "",
                "rightLeft" : "",
                "surgeryId" : "",
                "seqNo" : "1",
                "reqProcessName" : "Damar yolu a????lmas??",
                "reqProcessCode" : "530080",
                "reqProcessListType" : "SUT_LISTESI",
                "relatedProcess" : "",
                "relatedProcessListType" : ""
              },{
                "claimId" : "40181577",
                "addOrderNo" : "1",
                "breResultCode" : "",
                "coverCode" : "ST534",
                "groupNo" : "0",
                "discountGroupCode" : "SUT-GNLC",
                "entranceDate" : "2019-05-17T00:00:00.000Z",
                "explanation" : "",
                "drgCode" : "",
                "doctorCode" : "",
                "doctorStatus" : "",
                "diagnosisId" : "",
                "locationCode" : "920",
                "processCodeMain" : "85",
                "processCodeSub1" : "10",
                "processCodeSub2" : "107",
                "indemnityAmount" : "18.63",
                "processGroup" : "DEAT",
                "processCount" : "1",
                "instIndemnityAmount" : "18.63",
                "orderNo" : "54049128204",
                "procType" : "",
                "physiotherapySession" : "",
                "processDate" : "",
                "sfNo" : "1",
                "userId" : "CKOCAAYAN",
                "statusCode" : "PP",
                "swiftCode" : "",
                "timeStamp" : "2019-05-17T13:40:03.000Z",
                "sgkAmount" : "3.89",
                "vatRate" : "",
                "rightLeft" : "",
                "surgeryId" : "",
                "seqNo" : "5",
                "reqProcessName" : "Damar yolu a????lmas??",
                "reqProcessCode" : "530080",
                "reqProcessListType" : "SUT_LISTESI",
                "relatedProcess" : "",
                "relatedProcessListType" : ""
              },{
                "claimId" : "40181577",
                "addOrderNo" : "1",
                "breResultCode" : "PP",
                "coverCode" : "ST534",
                "groupNo" : "0",
                "discountGroupCode" : "",
                "entranceDate" : "2019-05-17T13:40:33.000Z",
                "explanation" : "",
                "drgCode" : "",
                "doctorCode" : "",
                "doctorStatus" : "",
                "diagnosisId" : "",
                "locationCode" : "920",
                "processCodeMain" : "91",
                "processCodeSub1" : "10",
                "processCodeSub2" : "113",
                "indemnityAmount" : "72.31",
                "processGroup" : "",
                "processCount" : "1",
                "instIndemnityAmount" : "72.31",
                "orderNo" : "54277980860",
                "procType" : "",
                "physiotherapySession" : "",
                "processDate" : "",
                "sfNo" : "1",
                "userId" : "MEDISER131",
                "statusCode" : "PP",
                "swiftCode" : "TL",
                "timeStamp" : "2019-05-17T13:40:33.000Z",
                "sgkAmount" : "20.66",
                "vatRate" : "",
                "rightLeft" : "",
                "surgeryId" : "",
                "seqNo" : "1",
                "reqProcessName" : "25-Hidroksi Vitamin D",
                "reqProcessCode" : "900130",
                "reqProcessListType" : "SUT_LISTESI",
                "relatedProcess" : "",
                "relatedProcessListType" : ""
              },{
                "claimId" : "40181577",
                "addOrderNo" : "1",
                "breResultCode" : "PP",
                "coverCode" : "ST534",
                "groupNo" : "0",
                "discountGroupCode" : "",
                "entranceDate" : "2019-05-17T13:40:33.000Z",
                "explanation" : "",
                "drgCode" : "",
                "doctorCode" : "",
                "doctorStatus" : "",
                "diagnosisId" : "",
                "locationCode" : "920",
                "processCodeMain" : "91",
                "processCodeSub1" : "10",
                "processCodeSub2" : "192",
                "indemnityAmount" : "18.5",
                "processGroup" : "",
                "processCount" : "1",
                "instIndemnityAmount" : "18.5",
                "orderNo" : "54277980836",
                "procType" : "",
                "physiotherapySession" : "",
                "processDate" : "",
                "sfNo" : "1",
                "userId" : "MEDISER131",
                "statusCode" : "PP",
                "swiftCode" : "TL",
                "timeStamp" : "2019-05-17T13:40:33.000Z",
                "sgkAmount" : "2.57",
                "vatRate" : "",
                "rightLeft" : "",
                "surgeryId" : "",
                "seqNo" : "1",
                "reqProcessName" : "CRP,t??rbidimetrik",
                "reqProcessCode" : "900900",
                "reqProcessListType" : "SUT_LISTESI",
                "relatedProcess" : "",
                "relatedProcessListType" : ""
              },{
                "claimId" : "40181577",
                "addOrderNo" : "1",
                "breResultCode" : "",
                "coverCode" : "ST534",
                "groupNo" : "0",
                "discountGroupCode" : "SUT-LABO",
                "entranceDate" : "2019-05-17T00:00:00.000Z",
                "explanation" : "",
                "drgCode" : "",
                "doctorCode" : "",
                "doctorStatus" : "",
                "diagnosisId" : "",
                "locationCode" : "920",
                "processCodeMain" : "91",
                "processCodeSub1" : "10",
                "processCodeSub2" : "247",
                "indemnityAmount" : "29.52",
                "processGroup" : "DEAT",
                "processCount" : "1",
                "instIndemnityAmount" : "29.52",
                "orderNo" : "54277980852",
                "procType" : "",
                "physiotherapySession" : "",
                "processDate" : "",
                "sfNo" : "1",
                "userId" : "CKOCAAYAN",
                "statusCode" : "PP",
                "swiftCode" : "",
                "timeStamp" : "2019-05-17T13:40:03.000Z",
                "sgkAmount" : "4.1",
                "vatRate" : "",
                "rightLeft" : "",
                "surgeryId" : "",
                "seqNo" : "9",
                "reqProcessName" : "Glikolize hemoglobin (Hb A1C)",
                "reqProcessCode" : "901460",
                "reqProcessListType" : "SUT_LISTESI",
                "relatedProcess" : "",
                "relatedProcessListType" : ""
              },{
                "claimId" : "40181577",
                "addOrderNo" : "1",
                "breResultCode" : "PP",
                "coverCode" : "ST534",
                "groupNo" : "0",
                "discountGroupCode" : "",
                "entranceDate" : "2019-05-17T13:40:33.000Z",
                "explanation" : "",
                "drgCode" : "",
                "doctorCode" : "",
                "doctorStatus" : "",
                "diagnosisId" : "",
                "locationCode" : "920",
                "processCodeMain" : "91",
                "processCodeSub1" : "10",
                "processCodeSub2" : "251",
                "indemnityAmount" : "7.42",
                "processGroup" : "",
                "processCount" : "1",
                "instIndemnityAmount" : "7.42",
                "orderNo" : "54277980847",
                "procType" : "",
                "physiotherapySession" : "",
                "processDate" : "",
                "sfNo" : "1",
                "userId" : "MEDISER131",
                "statusCode" : "PP",
                "swiftCode" : "TL",
                "timeStamp" : "2019-05-17T13:40:33.000Z",
                "sgkAmount" : "1.03",
                "vatRate" : "",
                "rightLeft" : "",
                "surgeryId" : "",
                "seqNo" : "1",
                "reqProcessName" : "Glukoz",
                "reqProcessCode" : "901500",
                "reqProcessListType" : "SUT_LISTESI",
                "relatedProcess" : "",
                "relatedProcessListType" : ""
              },{
                "claimId" : "40181577",
                "addOrderNo" : "1",
                "breResultCode" : "PP",
                "coverCode" : "ST534",
                "groupNo" : "0",
                "discountGroupCode" : "",
                "entranceDate" : "2019-05-17T13:40:33.000Z",
                "explanation" : "",
                "drgCode" : "",
                "doctorCode" : "",
                "doctorStatus" : "",
                "diagnosisId" : "",
                "locationCode" : "920",
                "processCodeMain" : "91",
                "processCodeSub1" : "10",
                "processCodeSub2" : "251",
                "indemnityAmount" : "7.42",
                "processGroup" : "",
                "processCount" : "1",
                "instIndemnityAmount" : "7.42",
                "orderNo" : "54277980842",
                "procType" : "",
                "physiotherapySession" : "",
                "processDate" : "",
                "sfNo" : "1",
                "userId" : "MEDISER131",
                "statusCode" : "PP",
                "swiftCode" : "TL",
                "timeStamp" : "2019-05-17T13:40:33.000Z",
                "sgkAmount" : "1.03",
                "vatRate" : "",
                "rightLeft" : "",
                "surgeryId" : "",
                "seqNo" : "2",
                "reqProcessName" : "Glukoz",
                "reqProcessCode" : "901500",
                "reqProcessListType" : "SUT_LISTESI",
                "relatedProcess" : "",
                "relatedProcessListType" : ""
              },{
                "claimId" : "40181577",
                "addOrderNo" : "1",
                "breResultCode" : "PP",
                "coverCode" : "ST534",
                "groupNo" : "0",
                "discountGroupCode" : "",
                "entranceDate" : "2019-05-17T13:40:33.000Z",
                "explanation" : "",
                "drgCode" : "",
                "doctorCode" : "",
                "doctorStatus" : "",
                "diagnosisId" : "",
                "locationCode" : "920",
                "processCodeMain" : "91",
                "processCodeSub1" : "10",
                "processCodeSub2" : "263",
                "indemnityAmount" : "22.18",
                "processGroup" : "",
                "processCount" : "1",
                "instIndemnityAmount" : "22.18",
                "orderNo" : "54277980804",
                "procType" : "",
                "physiotherapySession" : "",
                "processDate" : "",
                "sfNo" : "1",
                "userId" : "MEDISER131",
                "statusCode" : "PP",
                "swiftCode" : "TL",
                "timeStamp" : "2019-05-17T13:40:33.000Z",
                "sgkAmount" : "3.08",
                "vatRate" : "",
                "rightLeft" : "",
                "surgeryId" : "",
                "seqNo" : "1",
                "reqProcessName" : "Tam Kan (Hemogram)",
                "reqProcessCode" : "901620",
                "reqProcessListType" : "SUT_LISTESI",
                "relatedProcess" : "",
                "relatedProcessListType" : ""
              },{
                "claimId" : "40181577",
                "addOrderNo" : "1",
                "breResultCode" : "PP",
                "coverCode" : "ST534",
                "groupNo" : "0",
                "discountGroupCode" : "",
                "entranceDate" : "2019-05-17T13:40:33.000Z",
                "explanation" : "",
                "drgCode" : "",
                "doctorCode" : "",
                "doctorStatus" : "",
                "diagnosisId" : "",
                "locationCode" : "920",
                "processCodeMain" : "91",
                "processCodeSub1" : "10",
                "processCodeSub2" : "285",
                "indemnityAmount" : "37.73",
                "processGroup" : "",
                "processCount" : "1",
                "instIndemnityAmount" : "37.73",
                "orderNo" : "54277980855",
                "procType" : "",
                "physiotherapySession" : "",
                "processDate" : "",
                "sfNo" : "1",
                "userId" : "MEDISER131",
                "statusCode" : "PP",
                "swiftCode" : "TL",
                "timeStamp" : "2019-05-17T13:40:33.000Z",
                "sgkAmount" : "5.24",
                "vatRate" : "",
                "rightLeft" : "",
                "surgeryId" : "",
                "seqNo" : "1",
                "reqProcessName" : "??ns??lin",
                "reqProcessCode" : "901840",
                "reqProcessListType" : "SUT_LISTESI",
                "relatedProcess" : "",
                "relatedProcessListType" : ""
              },{
                "claimId" : "40181577",
                "addOrderNo" : "1",
                "breResultCode" : "PP",
                "coverCode" : "ST534",
                "groupNo" : "0",
                "discountGroupCode" : "",
                "entranceDate" : "2019-05-17T13:40:33.000Z",
                "explanation" : "",
                "drgCode" : "",
                "doctorCode" : "",
                "doctorStatus" : "",
                "diagnosisId" : "",
                "locationCode" : "920",
                "processCodeMain" : "91",
                "processCodeSub1" : "10",
                "processCodeSub2" : "441",
                "indemnityAmount" : "33.26",
                "processGroup" : "",
                "processCount" : "1",
                "instIndemnityAmount" : "33.26",
                "orderNo" : "54277980859",
                "procType" : "",
                "physiotherapySession" : "",
                "processDate" : "",
                "sfNo" : "1",
                "userId" : "MEDISER131",
                "statusCode" : "PP",
                "swiftCode" : "TL",
                "timeStamp" : "2019-05-17T13:40:33.000Z",
                "sgkAmount" : "4.62",
                "vatRate" : "",
                "rightLeft" : "",
                "surgeryId" : "",
                "seqNo" : "1",
                "reqProcessName" : "Serbest T4",
                "reqProcessCode" : "903480",
                "reqProcessListType" : "SUT_LISTESI",
                "relatedProcess" : "",
                "relatedProcessListType" : ""
              },{
                "claimId" : "40181577",
                "addOrderNo" : "1",
                "breResultCode" : "PP",
                "coverCode" : "ST534",
                "groupNo" : "0",
                "discountGroupCode" : "",
                "entranceDate" : "2019-05-17T13:40:33.000Z",
                "explanation" : "",
                "drgCode" : "",
                "doctorCode" : "",
                "doctorStatus" : "",
                "diagnosisId" : "",
                "locationCode" : "920",
                "processCodeMain" : "91",
                "processCodeSub1" : "10",
                "processCodeSub2" : "491",
                "indemnityAmount" : "33.26",
                "processGroup" : "",
                "processCount" : "1",
                "instIndemnityAmount" : "33.26",
                "orderNo" : "54277980858",
                "procType" : "",
                "physiotherapySession" : "",
                "processDate" : "",
                "sfNo" : "1",
                "userId" : "MEDISER131",
                "statusCode" : "PP",
                "swiftCode" : "TL",
                "timeStamp" : "2019-05-17T13:40:33.000Z",
                "sgkAmount" : "4.62",
                "vatRate" : "",
                "rightLeft" : "",
                "surgeryId" : "",
                "seqNo" : "1",
                "reqProcessName" : "TSH",
                "reqProcessCode" : "904030",
                "reqProcessListType" : "SUT_LISTESI",
                "relatedProcess" : "",
                "relatedProcessListType" : ""
              },{
                "claimId" : "40181577",
                "addOrderNo" : "1",
                "breResultCode" : "",
                "coverCode" : "ST534",
                "groupNo" : "0",
                "discountGroupCode" : "SUT-PATO",
                "entranceDate" : "2019-05-17T00:00:00.000Z",
                "explanation" : "",
                "drgCode" : "",
                "doctorCode" : "",
                "doctorStatus" : "",
                "diagnosisId" : "",
                "locationCode" : "920",
                "processCodeMain" : "91",
                "processCodeSub1" : "70",
                "processCodeSub2" : "150",
                "indemnityAmount" : "187.26",
                "processGroup" : "DEAT",
                "processCount" : "1",
                "instIndemnityAmount" : "187.26",
                "orderNo" : "54189529702",
                "procType" : "",
                "physiotherapySession" : "",
                "processDate" : "",
                "sfNo" : "1",
                "userId" : "CKOCAAYAN",
                "statusCode" : "PP",
                "swiftCode" : "",
                "timeStamp" : "2019-05-17T13:40:03.000Z",
                "sgkAmount" : "31.21",
                "vatRate" : "",
                "rightLeft" : "",
                "surgeryId" : "",
                "seqNo" : "7",
                "reqProcessName" : "Mide, biyopsi tek lokalizasyon",
                "reqProcessCode" : "909820",
                "reqProcessListType" : "SUT_LISTESI",
                "relatedProcess" : "",
                "relatedProcessListType" : ""
              }],
                  "provisionList": [{
                "daySeance" : "0",
                "exemptionAmount" : "0",
                "entryDate" : "2019-05-17T13:40:03.000Z",
                "countryCode" : "",
                "exemptionRate" : "0",
                "addOrderNo" : "1",
                "addProcAmount" : "0",
                "doctorCode" : "",
                "doctorStatus" : "",
                "breResultCode" : "",
                "coverDistributionAmount" : "0",
                "claimId" : "40181577",
                "coverCode" : "ST534",
                "isExGratia" : "0",
                "isPoolCover" : "0",
                "isSpecialCover" : "0",
                "procRequestAmount" : "853.77",
                "procRefusalAmount" : "0",
                "instExemptionAmount" : "0",
                "instRequestAmount" : "853.77",
                "provDateTime" : "2019-05-17T13:40:03.000Z",
                "orderNo" : "",
                "instAddProcAmount" : "0",
                "locationCode" : "920",
                "provisionTotal" : "853.77",
                "provisionExplanation" : "asdd",
                "requestAmount" : "853.77",
                "refusalAmount" : "0",
                "swiftCode" : "TL",
                "reqCureDayCount" : "0",
                "statusCode" : "PP",
                "userId" : "CKOCAAYAN",
                "sysRequestAmount" : "853.77",
                "sgkAmount" : "0",
                "timeStamp" : "",
                "subPackageId" : "",
                "subPackageDate" : "",
                "sfNo" : "1"
              }],
                  "rejectLossList": [{
                "claimId" : "40181577",
                "locationCode" : "920",
                "addOrderNo" : "1",
                "coverCode" : "ST534",
                "itemCode" : "12",
                "entryDate" : "",
                "barcode" : "8699541791007",
                "isBreDecision" : "1",
                "sfNo" : "1",
                "processCodeMain" : "0",
                "processCodeSub1" : "0",
                "processCodeSub2" : "0",
                "mainCode" : "15",
                "subItemCode" : "25",
                "refuseExplanation" : "Poliçede talep ile ilgili teminatın olmaması nedeniyle tarafımızdan karşılanamamaktadır.",
                "refuseAmount" : "0",
                "userId" : "CKOCAAYAN",
                "timeStamp" : "",
                "seqNo" : "12",
                "ubbCode" : "0"
             },{
                "claimId" : "40181577",
                "locationCode" : "920",
                "addOrderNo" : "1",
                "coverCode" : "ST534",
                "itemCode" : "12",
                "entryDate" : "",
                "barcode" : "8699788690613",
                "isBreDecision" : "1",
                "sfNo" : "1",
                "processCodeMain" : "0",
                "processCodeSub1" : "0",
                "processCodeSub2" : "0",
                "mainCode" : "15",
                "subItemCode" : "25",
                "refuseExplanation" : "Poliçede talep ile ilgili teminatın olmaması nedeniyle tarafımızdan karşılanamamaktadır.",
                "refuseAmount" : "0",
                "userId" : "CKOCAAYAN",
                "timeStamp" : "",
                "seqNo" : "1",
                "ubbCode" : "0"
             },{
                "claimId" : "40181577",
                "locationCode" : "920",
                "addOrderNo" : "1",
                "coverCode" : "ST534",
                "itemCode" : "12",
                "entryDate" : "",
                "barcode" : "8699788690613",
                "isBreDecision" : "1",
                "sfNo" : "1",
                "processCodeMain" : "0",
                "processCodeSub1" : "0",
                "processCodeSub2" : "0",
                "mainCode" : "15",
                "subItemCode" : "25",
                "refuseExplanation" : "Poliçede talep ile ilgili teminatın olmaması nedeniyle tarafımızdan karşılanamamaktadır.",
                "refuseAmount" : "0",
                "userId" : "CKOCAAYAN",
                "timeStamp" : "",
                "seqNo" : "2",
                "ubbCode" : "0"
             },{
                "claimId" : "40181577",
                "locationCode" : "920",
                "addOrderNo" : "1",
                "coverCode" : "ST534",
                "itemCode" : "12",
                "entryDate" : "",
                "barcode" : "8699788690613",
                "isBreDecision" : "1",
                "sfNo" : "1",
                "processCodeMain" : "0",
                "processCodeSub1" : "0",
                "processCodeSub2" : "0",
                "mainCode" : "15",
                "subItemCode" : "25",
                "refuseExplanation" : "Poliçede talep ile ilgili teminatın olmaması nedeniyle tarafımızdan karşılanamamaktadır.",
                "refuseAmount" : "0",
                "userId" : "CKOCAAYAN",
                "timeStamp" : "",
                "seqNo" : "3",
                "ubbCode" : "0"
             },{
                "claimId" : "40181577",
                "locationCode" : "920",
                "addOrderNo" : "1",
                "coverCode" : "ST534",
                "itemCode" : "12",
                "entryDate" : "",
                "barcode" : "8699788693027",
                "isBreDecision" : "1",
                "sfNo" : "1",
                "processCodeMain" : "0",
                "processCodeSub1" : "0",
                "processCodeSub2" : "0",
                "mainCode" : "15",
                "subItemCode" : "25",
                "refuseExplanation" : "Poliçede talep ile ilgili teminatın olmaması nedeniyle tarafımızdan karşılanamamaktadır.",
                "refuseAmount" : "0",
                "userId" : "CKOCAAYAN",
                "timeStamp" : "",
                "seqNo" : "4",
                "ubbCode" : "0"
             },{
                "claimId" : "40181577",
                "locationCode" : "920",
                "addOrderNo" : "1",
                "coverCode" : "ST534",
                "itemCode" : "12",
                "entryDate" : "",
                "barcode" : "8699788693027",
                "isBreDecision" : "1",
                "sfNo" : "1",
                "processCodeMain" : "0",
                "processCodeSub1" : "0",
                "processCodeSub2" : "0",
                "mainCode" : "15",
                "subItemCode" : "25",
                "refuseExplanation" : "Poliçede talep ile ilgili teminatın olmaması nedeniyle tarafımızdan karşılanamamaktadır.",
                "refuseAmount" : "0",
                "userId" : "CKOCAAYAN",
                "timeStamp" : "",
                "seqNo" : "5",
                "ubbCode" : "0"
             },{
                "claimId" : "40181577",
                "locationCode" : "920",
                "addOrderNo" : "1",
                "coverCode" : "ST534",
                "itemCode" : "12",
                "entryDate" : "",
                "barcode" : "8699788693027",
                "isBreDecision" : "1",
                "sfNo" : "1",
                "processCodeMain" : "0",
                "processCodeSub1" : "0",
                "processCodeSub2" : "0",
                "mainCode" : "15",
                "subItemCode" : "25",
                "refuseExplanation" : "Poliçede talep ile ilgili teminatın olmaması nedeniyle tarafımızdan karşılanamamaktadır.",
                "refuseAmount" : "0",
                "userId" : "CKOCAAYAN",
                "timeStamp" : "",
                "seqNo" : "6",
                "ubbCode" : "0"
             },{
                "claimId" : "40181577",
                "locationCode" : "920",
                "addOrderNo" : "1",
                "coverCode" : "ST534",
                "itemCode" : "12",
                "entryDate" : "",
                "barcode" : "8699788697513",
                "isBreDecision" : "1",
                "sfNo" : "1",
                "processCodeMain" : "0",
                "processCodeSub1" : "0",
                "processCodeSub2" : "0",
                "mainCode" : "15",
                "subItemCode" : "25",
                "refuseExplanation" : "Poliçede talep ile ilgili teminatın olmaması nedeniyle tarafımızdan karşılanamamaktadır.",
                "refuseAmount" : "0",
                "userId" : "CKOCAAYAN",
                "timeStamp" : "",
                "seqNo" : "9",
                "ubbCode" : "0"
             },{
                "claimId" : "40181577",
                "locationCode" : "920",
                "addOrderNo" : "1",
                "coverCode" : "ST534",
                "itemCode" : "12",
                "entryDate" : "",
                "barcode" : "8699788698022",
                "isBreDecision" : "1",
                "sfNo" : "1",
                "processCodeMain" : "0",
                "processCodeSub1" : "0",
                "processCodeSub2" : "0",
                "mainCode" : "15",
                "subItemCode" : "25",
                "refuseExplanation" : "Poliçede talep ile ilgili teminatın olmaması nedeniyle tarafımızdan karşılanamamaktadır.",
                "refuseAmount" : "0",
                "userId" : "CKOCAAYAN",
                "timeStamp" : "",
                "seqNo" : "11",
                "ubbCode" : "0"
             },{
                "claimId" : "40181577",
                "locationCode" : "920",
                "addOrderNo" : "1",
                "coverCode" : "ST534",
                "itemCode" : "12",
                "entryDate" : "",
                "barcode" : "8699788698183",
                "isBreDecision" : "1",
                "sfNo" : "1",
                "processCodeMain" : "0",
                "processCodeSub1" : "0",
                "processCodeSub2" : "0",
                "mainCode" : "15",
                "subItemCode" : "25",
                "refuseExplanation" : "Poliçede talep ile ilgili teminatın olmaması nedeniyle tarafımızdan karşılanamamaktadır.",
                "refuseAmount" : "0",
                "userId" : "CKOCAAYAN",
                "timeStamp" : "",
                "seqNo" : "7",
                "ubbCode" : "0"
             },{
                "claimId" : "40181577",
                "locationCode" : "920",
                "addOrderNo" : "1",
                "coverCode" : "ST534",
                "itemCode" : "12",
                "entryDate" : "",
                "barcode" : "8699844750404",
                "isBreDecision" : "1",
                "sfNo" : "1",
                "processCodeMain" : "0",
                "processCodeSub1" : "0",
                "processCodeSub2" : "0",
                "mainCode" : "15",
                "subItemCode" : "25",
                "refuseExplanation" : "Poliçede talep ile ilgili teminatın olmaması nedeniyle tarafımızdan karşılanamamaktadır.",
                "refuseAmount" : "0",
                "userId" : "CKOCAAYAN",
                "timeStamp" : "",
                "seqNo" : "8",
                "ubbCode" : "0"
             },{
                "claimId" : "40181577",
                "locationCode" : "920",
                "addOrderNo" : "1",
                "coverCode" : "ST534",
                "itemCode" : "12",
                "entryDate" : "",
                "barcode" : "8699844750404",
                "isBreDecision" : "1",
                "sfNo" : "1",
                "processCodeMain" : "0",
                "processCodeSub1" : "0",
                "processCodeSub2" : "0",
                "mainCode" : "15",
                "subItemCode" : "25",
                "refuseExplanation" : "Poliçede talep ile ilgili teminatın olmaması nedeniyle tarafımızdan karşılanamamaktadır.",
                "refuseAmount" : "0",
                "userId" : "CKOCAAYAN",
                "timeStamp" : "",
                "seqNo" : "10",
                "ubbCode" : "0"
             },{
                "claimId" : "40181577",
                "locationCode" : "920",
                "addOrderNo" : "1",
                "coverCode" : "ST534",
                "itemCode" : "12",
                "entryDate" : "",
                "barcode" : "8699541791007",
                "isBreDecision" : "",
                "sfNo" : "1",
                "processCodeMain" : "0",
                "processCodeSub1" : "0",
                "processCodeSub2" : "0",
                "mainCode" : "15",
                "subItemCode" : "25",
                "refuseExplanation" : "",
                "refuseAmount" : "0",
                "userId" : "",
                "timeStamp" : "",
                "seqNo" : "",
                "ubbCode" : ""
             },{
                "claimId" : "40181577",
                "locationCode" : "920",
                "addOrderNo" : "1",
                "coverCode" : "ST534",
                "itemCode" : "12",
                "entryDate" : "",
                "barcode" : "8699788690613",
                "isBreDecision" : "",
                "sfNo" : "1",
                "processCodeMain" : "0",
                "processCodeSub1" : "0",
                "processCodeSub2" : "0",
                "mainCode" : "15",
                "subItemCode" : "25",
                "refuseExplanation" : "",
                "refuseAmount" : "0",
                "userId" : "",
                "timeStamp" : "",
                "seqNo" : "",
                "ubbCode" : ""
             },{
                "claimId" : "40181577",
                "locationCode" : "920",
                "addOrderNo" : "1",
                "coverCode" : "ST534",
                "itemCode" : "12",
                "entryDate" : "",
                "barcode" : "8699788690613",
                "isBreDecision" : "",
                "sfNo" : "1",
                "processCodeMain" : "0",
                "processCodeSub1" : "0",
                "processCodeSub2" : "0",
                "mainCode" : "15",
                "subItemCode" : "25",
                "refuseExplanation" : "",
                "refuseAmount" : "0",
                "userId" : "",
                "timeStamp" : "",
                "seqNo" : "",
                "ubbCode" : ""
             },{
                "claimId" : "40181577",
                "locationCode" : "920",
                "addOrderNo" : "1",
                "coverCode" : "ST534",
                "itemCode" : "12",
                "entryDate" : "",
                "barcode" : "8699788690613",
                "isBreDecision" : "",
                "sfNo" : "1",
                "processCodeMain" : "0",
                "processCodeSub1" : "0",
                "processCodeSub2" : "0",
                "mainCode" : "15",
                "subItemCode" : "25",
                "refuseExplanation" : "",
                "refuseAmount" : "0",
                "userId" : "",
                "timeStamp" : "",
                "seqNo" : "",
                "ubbCode" : ""
             },{
                "claimId" : "40181577",
                "locationCode" : "920",
                "addOrderNo" : "1",
                "coverCode" : "ST534",
                "itemCode" : "12",
                "entryDate" : "",
                "barcode" : "8699788693027",
                "isBreDecision" : "",
                "sfNo" : "1",
                "processCodeMain" : "0",
                "processCodeSub1" : "0",
                "processCodeSub2" : "0",
                "mainCode" : "15",
                "subItemCode" : "25",
                "refuseExplanation" : "",
                "refuseAmount" : "0",
                "userId" : "",
                "timeStamp" : "",
                "seqNo" : "",
                "ubbCode" : ""
             },{
                "claimId" : "40181577",
                "locationCode" : "920",
                "addOrderNo" : "1",
                "coverCode" : "ST534",
                "itemCode" : "12",
                "entryDate" : "",
                "barcode" : "8699788693027",
                "isBreDecision" : "",
                "sfNo" : "1",
                "processCodeMain" : "0",
                "processCodeSub1" : "0",
                "processCodeSub2" : "0",
                "mainCode" : "15",
                "subItemCode" : "25",
                "refuseExplanation" : "",
                "refuseAmount" : "0",
                "userId" : "",
                "timeStamp" : "",
                "seqNo" : "",
                "ubbCode" : ""
             },{
                "claimId" : "40181577",
                "locationCode" : "920",
                "addOrderNo" : "1",
                "coverCode" : "ST534",
                "itemCode" : "12",
                "entryDate" : "",
                "barcode" : "8699788693027",
                "isBreDecision" : "",
                "sfNo" : "1",
                "processCodeMain" : "0",
                "processCodeSub1" : "0",
                "processCodeSub2" : "0",
                "mainCode" : "15",
                "subItemCode" : "25",
                "refuseExplanation" : "",
                "refuseAmount" : "0",
                "userId" : "",
                "timeStamp" : "",
                "seqNo" : "",
                "ubbCode" : ""
             },{
                "claimId" : "40181577",
                "locationCode" : "920",
                "addOrderNo" : "1",
                "coverCode" : "ST534",
                "itemCode" : "12",
                "entryDate" : "",
                "barcode" : "8699788697513",
                "isBreDecision" : "",
                "sfNo" : "1",
                "processCodeMain" : "0",
                "processCodeSub1" : "0",
                "processCodeSub2" : "0",
                "mainCode" : "15",
                "subItemCode" : "25",
                "refuseExplanation" : "",
                "refuseAmount" : "0",
                "userId" : "",
                "timeStamp" : "",
                "seqNo" : "",
                "ubbCode" : ""
             },{
                "claimId" : "40181577",
                "locationCode" : "920",
                "addOrderNo" : "1",
                "coverCode" : "ST534",
                "itemCode" : "12",
                "entryDate" : "",
                "barcode" : "8699788698022",
                "isBreDecision" : "",
                "sfNo" : "1",
                "processCodeMain" : "0",
                "processCodeSub1" : "0",
                "processCodeSub2" : "0",
                "mainCode" : "15",
                "subItemCode" : "25",
                "refuseExplanation" : "",
                "refuseAmount" : "0",
                "userId" : "",
                "timeStamp" : "",
                "seqNo" : "",
                "ubbCode" : ""
             },{
                "claimId" : "40181577",
                "locationCode" : "920",
                "addOrderNo" : "1",
                "coverCode" : "ST534",
                "itemCode" : "12",
                "entryDate" : "",
                "barcode" : "8699788698183",
                "isBreDecision" : "",
                "sfNo" : "1",
                "processCodeMain" : "0",
                "processCodeSub1" : "0",
                "processCodeSub2" : "0",
                "mainCode" : "15",
                "subItemCode" : "25",
                "refuseExplanation" : "",
                "refuseAmount" : "0",
                "userId" : "",
                "timeStamp" : "",
                "seqNo" : "",
                "ubbCode" : ""
             },{
                "claimId" : "40181577",
                "locationCode" : "920",
                "addOrderNo" : "1",
                "coverCode" : "ST534",
                "itemCode" : "12",
                "entryDate" : "",
                "barcode" : "8699844750404",
                "isBreDecision" : "",
                "sfNo" : "1",
                "processCodeMain" : "0",
                "processCodeSub1" : "0",
                "processCodeSub2" : "0",
                "mainCode" : "15",
                "subItemCode" : "25",
                "refuseExplanation" : "",
                "refuseAmount" : "0",
                "userId" : "",
                "timeStamp" : "",
                "seqNo" : "",
                "ubbCode" : ""
             },{
                "claimId" : "40181577",
                "locationCode" : "920",
                "addOrderNo" : "1",
                "coverCode" : "ST534",
                "itemCode" : "12",
                "entryDate" : "",
                "barcode" : "8699844750404",
                "isBreDecision" : "",
                "sfNo" : "1",
                "processCodeMain" : "0",
                "processCodeSub1" : "0",
                "processCodeSub2" : "0",
                "mainCode" : "15",
                "subItemCode" : "25",
                "refuseExplanation" : "",
                "refuseAmount" : "0",
                "userId" : "",
                "timeStamp" : "",
                "seqNo" : "",
                "ubbCode" : ""
             }],
                  "vaccineList" : []
               }
          }