<?xml version="1.0" encoding="UTF-8"?>
<wls:weblogic-application xmlns:wls="http://www.bea.com/ns/weblogic/weblogic-application" xmlns:xsi="http://www.w3.org/2001/XMLSchema-instance" xsi:schemaLocation="http://java.sun.com/xml/ns/javaee http://java.sun.com/xml/ns/javaee/javaee_5.xsd http://www.bea.com/ns/weblogic/weblogic-application http://www.bea.com/ns/weblogic/weblogic-application/1.0/weblogic-application.xsd">
    <!-- server-version: 10.3 -->
    <wls:application-param>
        <wls:param-name>webapp.encoding.default</wls:param-name>
        <wls:param-value>UTF-8</wls:param-value>
    </wls:application-param>
     <wls:library-ref>
        <wls:library-name>wls-commonslogging-bridge</wls:library-name>
        <wls:specification-version>1.0</wls:specification-version>
        <wls:exact-match>true</wls:exact-match>
    </wls:library-ref>    
</wls:weblogic-application>