<?xml version="1.0" encoding="UTF-8"?>
<adfc-config
    xmlns="http://xmlns.oracle.com/adf/controller"
    xmlns:xsi="http://www.w3.org/2001/XMLSchema-instance"
    xsi:schemaLocation="http://xmlns.oracle.com/adf/controller http://xmlns.oracle.com/adf/controller/adfc-config_1_0.xsd"
    version="1.2">
    <exception-handler>test</exception-handler>
    <view id="index">
        <page>/index.xhtml</page>
    </view>
    <view id="test">
        <page>/test.xhtml</page>
    </view>
    <control-flow-rule>
        <from-activity-id>index</from-activity-id>
        <control-flow-case>
            <from-outcome>&lt;*&gt;</from-outcome>
            <to-activity-id>test</to-activity-id>
        </control-flow-case>
    </control-flow-rule>
</adfc-config>
