<?xml version="1.0" encoding="UTF-8"?>

<faces-config
    xmlns="http://java.sun.com/xml/ns/javaee"
    xmlns:xsi="http://www.w3.org/2001/XMLSchema-instance"
    xsi:schemaLocation="http://java.sun.com/xml/ns/javaee http://java.sun.com/xml/ns/javaee/web-facesconfig_2_1.xsd"
    version="2.1">
	<application>
		<default-render-kit-id>oracle.adf.rich</default-render-kit-id>
		<message-bundle>resources.application</message-bundle>
		<locale-config>
			<default-locale>en</default-locale>
		</locale-config>
	</application>

</faces-config>
