<?xml version="1.0" encoding="UTF-8" standalone="yes"?>
<ns5:ProvizyonTalep xmlns:ns1="http://hastane.claimer.compugroup.com" xmlns:ns4="http://webinterface.claimer.compugroup.com" xmlns:ns3="http://sigorta.claimer.compugroup.com" xmlns:ns5="http://wsdl.hastane.claimer.compugroup.com">
    <ns1:Kurum>
        <ns1:KurumKodu>532112</ns1:KurumKodu>
        <ns1:SifreBilgileri>
            <ns1:KurumSifre>VvYrHe8lk2mQxjwjIGrtNe/ErJM-</ns1:KurumSifre>
        </ns1:SifreBilgileri>
        <ns1:IslemYapanKisi>EHS0284509</ns1:IslemYapanKisi>
        <ns1:SigortaSirketiKodu>allianz</ns1:SigortaSirketiKodu>
    </ns1:Kurum>
    <ns1:ReferansNumaralari ns1:NumaraTipi="SgkTakipNo">2V3LF1M</ns1:ReferansNumaralari>
    <ns1:TalepSigortaliBilgileri>
        <ns1:SigortaliNumaraListesi>
            <SigortaliNumarasi>0001171006128052-9</SigortaliNumarasi>
            <SigortaliNumaraTipi>PoliceNo</SigortaliNumaraTipi>
        </ns1:SigortaliNumaraListesi>
        <ns1:SigortaliNumaraListesi>
            <SigortaliNumarasi>9284125</SigortaliNumarasi>
            <SigortaliNumaraTipi>SigortaliKartNo</SigortaliNumaraTipi>
        </ns1:SigortaliNumaraListesi>
        <ns1:SigortaliNumaraListesi>
            <SigortaliNumarasi>15425392180</SigortaliNumarasi>
            <SigortaliNumaraTipi>TcKimlikNo</SigortaliNumaraTipi>
        </ns1:SigortaliNumaraListesi>
        <ns1:Ad>YENER</ns1:Ad>
        <ns1:Soyad>AYDO??AN</ns1:Soyad>
        <ns1:Cinsiyet>e</ns1:Cinsiyet>
        <ns1:DogumTarihi>1979-03-08</ns1:DogumTarihi>
        <ns1:Yakinlik>Fert</ns1:Yakinlik>
        <ns1:CepTelefonu>5056994506</ns1:CepTelefonu>
        <ns1:BabaAdi>KAM??L</ns1:BabaAdi>
    </ns1:TalepSigortaliBilgileri>
    <ns1:DoktorBilgileri>
        <ns1:AdSoyad>G??L??STAN HALA??</ns1:AdSoyad>
        <ns1:Unvan>Uzm</ns1:Unvan>
        <ns1:Brans>1300</ns1:Brans>
        <ns1:KadroDurumu>Kadrolu</ns1:KadroDurumu>
        <ns1:DiplomaTescilNo>87855</ns1:DiplomaTescilNo>
        <ns1:DoktorTipi>TTFormunuDolduran</ns1:DoktorTipi>
    </ns1:DoktorBilgileri>
    <ns1:MedikalBilgiler>
        <ns1:BasvuruTipi>Diger</ns1:BasvuruTipi>
        <ns1:HastaKabulTarihi>2019-04-09T00:00:00.000+03:00</ns1:HastaKabulTarihi>
        <ns1:TedaviTipi YatisliDurumu="Yatissiz"/>
        <ns1:Tani>
            <ns1:TaniAdi>Ba?? a??r??s??</ns1:TaniAdi>
            <ns1:Kod>R51</ns1:Kod>
            <ns1:TaniTuru>OnTani</ns1:TaniTuru>
        </ns1:Tani>
        <ns1:HizmetBilgileri>
            <ns1:HizmetBazliIslemBilgileri>
                <ns1:Ad>Normal poliklinik muayenesi (PAKET)</ns1:Ad>
                <ns1:IslemKod ns1:IslemListeTuru="SUTListesi">P520030</ns1:IslemKod>
                <ns1:TalepEdilenTutar>-76689.0</ns1:TalepEdilenTutar>
                <ns1:SgkTarafindanKarsilananTutar>31.32</ns1:SgkTarafindanKarsilananTutar>
                <ns1:IslemZamanBilgisi>
                    <ns1:IsleminYapilacagiTarih>2019-04-09</ns1:IsleminYapilacagiTarih>
                </ns1:IslemZamanBilgisi>
                <ns1:SiraNo>53960609732</ns1:SiraNo>
            </ns1:HizmetBazliIslemBilgileri>
        </ns1:HizmetBilgileri>
        <ns1:HastaBilgiFormu>
            <ns1:Sikayet>ba?? a??r??s??</ns1:Sikayet>
            <ns1:SikayetBaslangicTarihi>2019-04-09</ns1:SikayetBaslangicTarihi>
            <ns1:TrafikKazasi>false</ns1:TrafikKazasi>
            <ns1:AdliVaka>false</ns1:AdliVaka>
            <ns1:Acil>false</ns1:Acil>
            <ns1:KabulTipi>Poliklinik</ns1:KabulTipi>
        </ns1:HastaBilgiFormu>
    </ns1:MedikalBilgiler>
    <ns1:SgkBilgileri SgkKullanilmaDurumu="true">
        <ns1:SgkTarafindanKarsilanacakToplamTutar>31.32</ns1:SgkTarafindanKarsilanacakToplamTutar>
    </ns1:SgkBilgileri>
    <ns1:KisiselNotlar></ns1:KisiselNotlar>
    <ns1:TalepEdilenTutar>31.32</ns1:TalepEdilenTutar>
    <ns1:ProvizyonOnProvizyonAlinmakIstenenTarih>2019-04-09T00:00:00.000+03:00</ns1:ProvizyonOnProvizyonAlinmakIstenenTarih>
</ns5:ProvizyonTalep>