<?xml version="1.0" encoding="UTF-8" standalone="yes"?>
<ns5:ProvizyonTalep xmlns:ns1="http://hastane.claimer.compugroup.com" xmlns:ns4="http://webinterface.claimer.compugroup.com" xmlns:ns3="http://sigorta.claimer.compugroup.com" xmlns:ns5="http://wsdl.hastane.claimer.compugroup.com">
    <ns1:Kurum>
        <ns1:KurumKodu>532112</ns1:KurumKodu>
        <ns1:SifreBilgileri>
            <ns1:KurumSifre>nAEG-BhFTqMH3RYYnVV-G51RxiM-</ns1:KurumSifre>
        </ns1:SifreBilgileri>
        <ns1:IslemYapanKisi>EHS0284509</ns1:IslemYapanKisi>
        <ns1:SigortaSirketiKodu>allianz</ns1:SigortaSirketiKodu>
    </ns1:Kurum>
    <ns1:ReferansNumaralari ns1:NumaraTipi="SgkTakipNo">2V3LF1M</ns1:ReferansNumaralari>
    <ns1:TalepSigortaliBilgileri>
        <ns1:SigortaliNumaraListesi>
            <SigortaliNumarasi>0001171006128052-9</SigortaliNumarasi>
            <SigortaliNumaraTipi>PoliceNo</SigortaliNumaraTipi>
        </ns1:SigortaliNumaraListesi>
        <ns1:SigortaliNumaraListesi>
            <SigortaliNumarasi>9284125</SigortaliNumarasi>
            <SigortaliNumaraTipi>SigortaliKartNo</SigortaliNumaraTipi>
        </ns1:SigortaliNumaraListesi>
        <ns1:SigortaliNumaraListesi>
            <SigortaliNumarasi>15425392180</SigortaliNumarasi>
            <SigortaliNumaraTipi>TcKimlikNo</SigortaliNumaraTipi>
        </ns1:SigortaliNumaraListesi>
        <ns1:Ad>YENER</ns1:Ad>
        <ns1:Soyad>AYDO??AN</ns1:Soyad>
        <ns1:Cinsiyet>e</ns1:Cinsiyet>
        <ns1:DogumTarihi>1979-03-08</ns1:DogumTarihi>
        <ns1:Yakinlik>Fert</ns1:Yakinlik>
        <ns1:CepTelefonu>5056994506</ns1:CepTelefonu>
        <ns1:BabaAdi>KAM??L</ns1:BabaAdi>
    </ns1:TalepSigortaliBilgileri>
    <ns1:DoktorBilgileri>
        <ns1:AdSoyad>G??L??STAN HALA??</ns1:AdSoyad>
        <ns1:Unvan>Uzm</ns1:Unvan>
        <ns1:Brans>1300</ns1:Brans>
        <ns1:KadroDurumu>Kadrolu</ns1:KadroDurumu>
        <ns1:DiplomaTescilNo>87855</ns1:DiplomaTescilNo>
        <ns1:DoktorTipi>TTFormunuDolduran</ns1:DoktorTipi>
    </ns1:DoktorBilgileri>
    <ns1:MedikalBilgiler>
        <ns1:BasvuruTipi>Diger</ns1:BasvuruTipi>
        <ns1:HastaKabulTarihi>2019-04-09T00:00:00.000+03:00</ns1:HastaKabulTarihi>
        <ns1:TedaviTipi YatisliDurumu="Yatissiz"/>
        <ns1:Tani>
            <ns1:TaniAdi>Ba?? a??r??s??</ns1:TaniAdi>
            <ns1:Kod>R51</ns1:Kod>
            <ns1:TaniTuru>OnTani</ns1:TaniTuru>
        </ns1:Tani>
        <ns1:HizmetBilgileri>
            <ns1:HizmetBazliIslemBilgileri>
                <ns1:Ad>BT, beyin </ns1:Ad>
                <ns1:IslemKod ns1:IslemListeTuru="SUTListesi">803910</ns1:IslemKod>
                <ns1:TalepEdilenTutar>-76689.0</ns1:TalepEdilenTutar>
                <ns1:SgkTarafindanKarsilananTutar>56.43</ns1:SgkTarafindanKarsilananTutar>
                <ns1:IslemZamanBilgisi>
                    <ns1:IsleminYapilacagiTarih>2019-04-09</ns1:IsleminYapilacagiTarih>
                </ns1:IslemZamanBilgisi>
                <ns1:SiraNo>54122441862</ns1:SiraNo>
                <ns1:Aciklama>
                    <ns1:StringValue>KRAN??AL BT ??NCELEMES??

??nceleme aksial planda ??KBT teknigi ile yapilmis ve koronal ve sagital  rekonstruksiyonlar elde olunmustur.

Serebellar hemisferler medulla oblangata pons ve mezensefalon morfoloji ve densitesi dogaldir. 4. ventrikul genisligi ve morfolojisi tabiidir. 
Her iki serebellopontin kose ve 7. 8. sinir komplekslerinin intra ve ekstra kanalikuler komponentleri simetrik ve normal gorunumdedir. 
Supratentoriyal alanda orta hat yapilari dogal form ve lokalizasyondadir. 
Bilateral bazal ganglionlar internal ve eksternal kapsullerin ve talamuslarin morfoloji ve densiteleri dogal gorunumdedir. 
3. ventrukul duzeyinden baslayarak lateral ventrikul govde duzleminde sag parietal ve temporal loblarda kortekssubkortikal beyaz cevher alanini etkileyen BOS ile izointens ensefalomalazi alani mevcuttur. Tanimlanan alan duzeyinde sag temporal ve parietal kemiklerde kortekste incelme izlenmis olup bulgular oncelikle travma sekeli lehine degerlendirilmistir.  
Her iki maksiller sinus duvarlarinda kaba mukozal kalinlasmalar ve sag maksiller sinus tabaninda 2 cm Capli mukus retansiyon kisti izlenmistir.  

SONU??:  
3. ventrukul duzeyinden baslayarak lateral ventrikul govde duzleminde sag parietal ve temporal loblarda kortekssubkortikal beyaz cevher alanini etkileyen BOS ile izointens ensefalomalazi alani. Tanimlanan alan duzeyinde sag temporal ve parietal kemiklerde kortekste incelme izlenmis olup bulgular oncelikle travma sekeli lehine degerlendirilmistir.  
Her iki maksiller sinus duvarlarinda kaba mukozal kalinlasmalar ve sag maksiller sinus tabaninda 2 cm Capli mukus retansiyon kisti.  

Saygilarimla
Rad.Dr.Mehmet ??ZL??</ns1:StringValue>
                </ns1:Aciklama>
            </ns1:HizmetBazliIslemBilgileri>
        </ns1:HizmetBilgileri>
        <ns1:HizmetBilgileri>
            <ns1:HizmetBazliIslemBilgileri>
                <ns1:Ad>MR, beyin </ns1:Ad>
                <ns1:IslemKod ns1:IslemListeTuru="SUTListesi">804190</ns1:IslemKod>
                <ns1:TalepEdilenTutar>-76689.0</ns1:TalepEdilenTutar>
                <ns1:SgkTarafindanKarsilananTutar>66.69</ns1:SgkTarafindanKarsilananTutar>
                <ns1:IslemZamanBilgisi>
                    <ns1:IsleminYapilacagiTarih>2019-04-09</ns1:IsleminYapilacagiTarih>
                </ns1:IslemZamanBilgisi>
                <ns1:SiraNo>54122441866</ns1:SiraNo>
                <ns1:Aciklama>
                    <ns1:StringValue>SONU??: 

Sag temporal ve parietal loblarda kortekssubkortikal beyaz cevher alanini etkileyen komsulugunda hafif gliotik sinyal degisikliklerinin eslik ettigi diffuzyon kisitlanmasi ya da IV kontrast madde verilimi sonrasi kontrast tutulumu gostermeyen ensefalomalazi alani. Hastanin ayni tarihli Cekilen BT incelemesinde tanimlanan duzeydeki kemik yapida kortekste incelme tespit edilmistir. Bulgular oncelikle travma sekeli lehine degerlendirilmistir.  
Sentrum semiovaleverteks duzlemlerinde sag posterior parietalde subkortikal beyaz cevher alanindan baslayarak kortikal venlere uzanim gosteren lineer yapida T2A serilerde hipointens IV kontrast madde verilimi sonrasi kontrast tutulumu gosteren sinyal degisikligi izlenmis olup venoz anjiom lehine degerlendirilmistir. 
Sag maskiller sinus tabaninda 2 cm Capli mukus retansiyon kisti. Her iki maksiller sinus duvarlarinda mukozal kalinlasmalar. Nazal septumda saga deviasyon. Her iki alt konkada hipertrofi ve nazal pasajda daralma. Etmoid selullerde hafif inflamatuar sinyal degisiklikleri. Sol alt konkada hipertrofi ve nazal pasajda daralma. 


Saygilarimla
20 ml Dotarem kullanilmistir.Rad.Dr.Mehmet ??ZL??</ns1:StringValue>
                </ns1:Aciklama>
            </ns1:HizmetBazliIslemBilgileri>
        </ns1:HizmetBilgileri>
        <ns1:HizmetBilgileri>
            <ns1:HizmetBazliIslemBilgileri>
                <ns1:Ad>Rutin EEG (??ocuk-b??y??k) </ns1:Ad>
                <ns1:IslemKod ns1:IslemListeTuru="SUTListesi">703020</ns1:IslemKod>
                <ns1:TalepEdilenTutar>-76689.0</ns1:TalepEdilenTutar>
                <ns1:SgkTarafindanKarsilananTutar>32.08</ns1:SgkTarafindanKarsilananTutar>
                <ns1:IslemZamanBilgisi>
                    <ns1:IsleminYapilacagiTarih>2019-04-18</ns1:IsleminYapilacagiTarih>
                </ns1:IslemZamanBilgisi>
                <ns1:SiraNo>54122441864</ns1:SiraNo>
                <ns1:Aciklama>
                    <ns1:StringValue>.....</ns1:StringValue>
                </ns1:Aciklama>
            </ns1:HizmetBazliIslemBilgileri>
        </ns1:HizmetBilgileri>
        <ns1:HizmetBilgileri>
            <ns1:HizmetBazliIslemBilgileri>
                <ns1:Ad>Normal poliklinik muayenesi (PAKET)</ns1:Ad>
                <ns1:IslemKod ns1:IslemListeTuru="SUTListesi">P520030</ns1:IslemKod>
                <ns1:TalepEdilenTutar>-76689.0</ns1:TalepEdilenTutar>
                <ns1:SgkTarafindanKarsilananTutar>31.32</ns1:SgkTarafindanKarsilananTutar>
                <ns1:IslemZamanBilgisi>
                    <ns1:IsleminYapilacagiTarih>2019-04-09</ns1:IsleminYapilacagiTarih>
                </ns1:IslemZamanBilgisi>
                <ns1:SiraNo>54122441861</ns1:SiraNo>
            </ns1:HizmetBazliIslemBilgileri>
        </ns1:HizmetBilgileri>
        <ns1:HastaBilgiFormu>
            <ns1:Sikayet>BA?? A??RISI</ns1:Sikayet>
            <ns1:SikayetBaslangicTarihi>2019-04-05</ns1:SikayetBaslangicTarihi>
            <ns1:TrafikKazasi>false</ns1:TrafikKazasi>
            <ns1:AdliVaka>false</ns1:AdliVaka>
            <ns1:Acil>false</ns1:Acil>
            <ns1:KabulTipi>Poliklinik</ns1:KabulTipi>
        </ns1:HastaBilgiFormu>
    </ns1:MedikalBilgiler>
    <ns1:SgkBilgileri SgkKullanilmaDurumu="true">
        <ns1:SgkTarafindanKarsilanacakToplamTutar>186.51999999999998</ns1:SgkTarafindanKarsilanacakToplamTutar>
    </ns1:SgkBilgileri>
    <ns1:KisiselNotlar></ns1:KisiselNotlar>
    <ns1:TalepEdilenTutar>186.52</ns1:TalepEdilenTutar>
    <ns1:ProvizyonOnProvizyonAlinmakIstenenTarih>2019-04-09T00:00:00.000+03:00</ns1:ProvizyonOnProvizyonAlinmakIstenenTarih>
</ns5:ProvizyonTalep>