{
	"INTERFACES": {
		"IF": [
			{
				"ROW": [
					{
						"IF_NO": "1",
						"IF_NAME": "Koc_Clm_Hlth_Utils.GetLocationDesc",
						"IF_TYPE": "PLSQL Function",
						"IF_PROVIDER": "HEALTH",
						"IF_CONSUMERS": "OPUS",
						"IF_PARAM_ORDER_NO": "1",
						"IF_PARAM_NAME": "P_LOCATION_CODE",
						"IF_PARAM_IO_TYPE": "IN",
						"IF_PARAM_DATA_TYPE": "NUMBER",
						"M_O": "M",
						"IF_PARAM_DESC": "Lokasyon Kodu",
						"IF_DESCRIPTION": "lokasyon koduna göre lokasyon açıklamasını döndürür "
					},
					{
						"IF_NO": "",
						"IF_NAME": "",
						"IF_TYPE": "",
						"IF_PROVIDER": "",
						"IF_CONSUMERS": "",
						"IF_PARAM_ORDER_NO": "2",
						"IF_PARAM_NAME": "RETURN",
						"IF_PARAM_IO_TYPE": "OUT",
						"IF_PARAM_DATA_TYPE": "VARCHAR2",
						"M_O": "M",
						"IF_PARAM_DESC": "Lokasyon Açıklaması",
						"IF_DESCRIPTION": "Koc_Clm_Hlth_Utils.GetLocationDesc(910)"
					}
				]
			},
			{
				"ROW": {
					"IF_NO": "2",
					"IF_NAME": "Koc_Clm_Hlth_Trnx.GenClaimId",
					"IF_TYPE": "PLSQL Function",
					"IF_PROVIDER": "HEALTH",
					"IF_CONSUMERS": "OPUS",
					"IF_PARAM_ORDER_NO": "1",
					"IF_PARAM_NAME": "RETURN",
					"IF_PARAM_IO_TYPE": "OUT",
					"IF_PARAM_DATA_TYPE": "NUMBER",
					"M_O": "M",
					"IF_PARAM_DESC": "Provizyon Talep No",
					"IF_DESCRIPTION": "Yeni Claim ID üretmek için kullanılır."
				}
			},
			{
				"ROW": [
					{
						"IF_NO": "3",
						"IF_NAME": "Koc_Clm_Hlth_Hospt_Utils.GetHlthGroupProcess",
						"IF_TYPE": "PLSQL Procedure",
						"IF_PROVIDER": "HEALTH",
						"IF_CONSUMERS": "OPUS",
						"IF_PARAM_ORDER_NO": "PORTALL",
						"IF_PARAM_NAME": "1",
						"IF_PARAM_IO_TYPE": "P_INSTITUTE_CODE",
						"IF_PARAM_DATA_TYPE": "IN",
						"M_O": "NUMBER",
						"IF_PARAM_DESC": "M",
						"IF_DESCRIPTION": "Kurum Kodu"
					},
					{
						"IF_NO": "",
						"IF_NAME": "",
						"IF_TYPE": "",
						"IF_PROVIDER": "",
						"IF_CONSUMERS": "",
						"IF_PARAM_ORDER_NO": "2",
						"IF_PARAM_NAME": "",
						"IF_PARAM_IO_TYPE": "",
						"IF_PARAM_DATA_TYPE": "",
						"M_O": "",
						"IF_PARAM_DESC": "",
						"IF_DESCRIPTION": ""
					},
					{
						"IF_NO": "",
						"IF_NAME": "",
						"IF_TYPE": "",
						"IF_PROVIDER": "",
						"IF_CONSUMERS": "",
						"IF_PARAM_ORDER_NO": "3",
						"IF_PARAM_NAME": "",
						"IF_PARAM_IO_TYPE": "",
						"IF_PARAM_DATA_TYPE": "",
						"M_O": "",
						"IF_PARAM_DESC": "",
						"IF_DESCRIPTION": ""
					}
				]
			},
			{
				"ROW": [
					{
						"IF_NO": "4",
						"IF_NAME": "ALZ_HLTH_KARMA_UTILS.get_inst_sgk_anlasma",
						"IF_TYPE": "PLSQL Procedure",
						"IF_PROVIDER": "HEALTH",
						"IF_CONSUMERS": "OPUS",
						"IF_PARAM_ORDER_NO": "PORTALL",
						"IF_PARAM_NAME": "1",
						"IF_PARAM_IO_TYPE": "P_INSTITUTE_CODE",
						"IF_PARAM_DATA_TYPE": "IN",
						"M_O": "NUMBER",
						"IF_PARAM_DESC": "M",
						"IF_DESCRIPTION": "Kurum Kodu"
					},
					{
						"IF_NO": "",
						"IF_NAME": "",
						"IF_TYPE": "",
						"IF_PROVIDER": "",
						"IF_CONSUMERS": "",
						"IF_PARAM_ORDER_NO": "2",
						"IF_PARAM_NAME": "P_PROV_DATE",
						"IF_PARAM_IO_TYPE": "IN",
						"IF_PARAM_DATA_TYPE": "DATE",
						"M_O": "M",
						"IF_PARAM_DESC": "Proviyon Tarihi",
						"IF_DESCRIPTION": "varsa Tam ya da Parçalı olduğunu döndürür. Yoksa Boş "
					},
					{
						"IF_NO": "",
						"IF_NAME": "",
						"IF_TYPE": "",
						"IF_PROVIDER": "",
						"IF_CONSUMERS": "",
						"IF_PARAM_ORDER_NO": "3",
						"IF_PARAM_NAME": "O_SGK_ANLASMA",
						"IF_PARAM_IO_TYPE": "OUT",
						"IF_PARAM_DATA_TYPE": "VARCHAR2",
						"M_O": "M",
						"IF_PARAM_DESC": "Anlaşma Tipi",
						"IF_DESCRIPTION": "döner"
					}
				]
			},
			{
				"ROW": {
					"IF_NO": "5",
					"IF_NAME": "STATEMENT_AUTOMATION_CLIENT.execute_statement_automation",
					"IF_TYPE": "PLSQL Procedure",
					"IF_PROVIDER": "BRE",
					"IF_CONSUMERS": "OPUS",
					"IF_PARAM_ORDER_NO": "PORTALL",
					"IF_PARAM_NAME": "KOCCLM307",
					"IF_PARAM_IO_TYPE": "1",
					"IF_PARAM_DATA_TYPE": "STATEMENT_NO",
					"M_O": "IN",
					"IF_PARAM_DESC": "NUMBER",
					"IF_DESCRIPTION": "M"
				}
			},
			{
				"ROW": {
					"IF_NO": "6",
					"IF_NAME": "ALZ_TAHAKKUK_UTILS.del_statmnt_critrs_slctions",
					"IF_TYPE": "PLSQL Procedure",
					"IF_PROVIDER": "HEALTH",
					"IF_CONSUMERS": "OPUS",
					"IF_PARAM_ORDER_NO": "1",
					"IF_PARAM_NAME": "P_STATEMENT_NO",
					"IF_PARAM_IO_TYPE": "IN",
					"IF_PARAM_DATA_TYPE": "NUMBER",
					"M_O": "M",
					"IF_PARAM_DESC": "İcmal Numarası",
					"IF_DESCRIPTION": "Kriter silme işlemi yapar"
				}
			},
			{
				"ROW": {
					"IF_NO": "7",
					"IF_NAME": "ALZ_RUN_TSS_RULE",
					"IF_TYPE": "PLSQL Procedure",
					"IF_PROVIDER": "HEALTH",
					"IF_CONSUMERS": "OPUS",
					"IF_PARAM_ORDER_NO": "KOCCLM307",
					"IF_PARAM_NAME": "1",
					"IF_PARAM_IO_TYPE": "P_RANDOM",
					"IF_PARAM_DATA_TYPE": "IN",
					"M_O": "NUMBER",
					"IF_PARAM_DESC": "M",
					"IF_DESCRIPTION": "Rastgele Bir Numara"
				}
			},
			{
				"ROW": [
					{
						"IF_NO": "8",
						"IF_NAME": "koc_clm_hlth_trnx2.Get_Comm_No_By_Stmntno",
						"IF_TYPE": "PLSQL Function",
						"IF_PROVIDER": "HLTH",
						"IF_CONSUMERS": "OPUS",
						"IF_PARAM_ORDER_NO": "KOCCLM307",
						"IF_PARAM_NAME": "1",
						"IF_PARAM_IO_TYPE": "P_STATEMENT_NO",
						"IF_PARAM_DATA_TYPE": "IN",
						"M_O": "NUMBER",
						"IF_PARAM_DESC": "M",
						"IF_DESCRIPTION": "İcmal Numarası"
					},
					{
						"IF_NO": "",
						"IF_NAME": "",
						"IF_TYPE": "",
						"IF_PROVIDER": "",
						"IF_CONSUMERS": "",
						"IF_PARAM_ORDER_NO": "2",
						"IF_PARAM_NAME": "RETURN",
						"IF_PARAM_IO_TYPE": "OUT",
						"IF_PARAM_DATA_TYPE": "NUMBER",
						"M_O": "M",
						"IF_PARAM_DESC": "Muhaberat Numarası",
						"IF_DESCRIPTION": ""
					}
				]
			},
			{
				"ROW": [
					{
						"IF_NO": "9",
						"IF_NAME": "koc_clm_hlth_utils.getinstitutetype",
						"IF_TYPE": "PLSQL Function",
						"IF_PROVIDER": "HLTH",
						"IF_CONSUMERS": "OPUS",
						"IF_PARAM_ORDER_NO": "1",
						"IF_PARAM_NAME": "P_INSTITUTE_CODE",
						"IF_PARAM_IO_TYPE": "IN",
						"IF_PARAM_DATA_TYPE": "NUMBER",
						"M_O": "M",
						"IF_PARAM_DESC": "Kurum Kodu",
						"IF_DESCRIPTION": "Kurum Tipini döndürür"
					},
					{
						"IF_NO": "",
						"IF_NAME": "",
						"IF_TYPE": "",
						"IF_PROVIDER": "",
						"IF_CONSUMERS": "",
						"IF_PARAM_ORDER_NO": "2",
						"IF_PARAM_NAME": "RETURN",
						"IF_PARAM_IO_TYPE": "OUT",
						"IF_PARAM_DATA_TYPE": "VARCHAR2",
						"M_O": "M",
						"IF_PARAM_DESC": "Kurum Tipi",
						"IF_DESCRIPTION": "KOC_CLM_SUPPLIER_EXT.INSTITUTE_TYPE"
					}
				]
			},
			{
				"ROW": [
					{
						"IF_NO": "10",
						"IF_NAME": "Alz_Inv_Utils.Is_Einvoice_Payer",
						"IF_TYPE": "PLSQL Function",
						"IF_PROVIDER": "INVOICE",
						"IF_CONSUMERS": "OPUS",
						"IF_PARAM_ORDER_NO": "1",
						"IF_PARAM_NAME": "P_IDENTITY_NO",
						"IF_PARAM_IO_TYPE": "IN",
						"IF_PARAM_DATA_TYPE": "NUMBER",
						"M_O": "M",
						"IF_PARAM_DESC": "Partner ID",
						"IF_DESCRIPTION": "Kurumun E Fatura Mükellefi olup olmadığını döndürür"
					},
					{
						"IF_NO": "",
						"IF_NAME": "",
						"IF_TYPE": "",
						"IF_PROVIDER": "",
						"IF_CONSUMERS": "",
						"IF_PARAM_ORDER_NO": "2",
						"IF_PARAM_NAME": "P_DATE",
						"IF_PARAM_IO_TYPE": "IN",
						"IF_PARAM_DATA_TYPE": "DATE",
						"M_O": "O",
						"IF_PARAM_DESC": "Tarih",
						"IF_DESCRIPTION": ""
					},
					{
						"IF_NO": "",
						"IF_NAME": "",
						"IF_TYPE": "",
						"IF_PROVIDER": "",
						"IF_CONSUMERS": "",
						"IF_PARAM_ORDER_NO": "3",
						"IF_PARAM_NAME": "RETURN",
						"IF_PARAM_IO_TYPE": "OUT",
						"IF_PARAM_DATA_TYPE": "BOOLEAN",
						"M_O": "M",
						"IF_PARAM_DESC": "TRUE|FALSE",
						"IF_DESCRIPTION": ""
					}
				]
			},
			{
				"ROW": [
					{
						"IF_NO": "11",
						"IF_NAME": "ALZ_HLTPRV_IMPORT_UTILS.GETPROCESSNAME",
						"IF_TYPE": "PLSQL Function",
						"IF_PROVIDER": "PROVIZYON",
						"IF_CONSUMERS": "PORTALL",
						"IF_PARAM_ORDER_NO": "1",
						"IF_PARAM_NAME": "P_PROCESS_CODE_MAIN",
						"IF_PARAM_IO_TYPE": "IN",
						"IF_PARAM_DATA_TYPE": "NUMBER",
						"M_O": "M",
						"IF_PARAM_DESC": "İşlem Ana Kod",
						"IF_DESCRIPTION": "İşlem Adını Döndürür."
					},
					{
						"IF_NO": "",
						"IF_NAME": "",
						"IF_TYPE": "",
						"IF_PROVIDER": "",
						"IF_CONSUMERS": "",
						"IF_PARAM_ORDER_NO": "2",
						"IF_PARAM_NAME": "P_PROCESS_CODE_SUB1",
						"IF_PARAM_IO_TYPE": "IN",
						"IF_PARAM_DATA_TYPE": "NUMBER",
						"M_O": "M",
						"IF_PARAM_DESC": "İşlem Alt Kod1",
						"IF_DESCRIPTION": ""
					},
					{
						"IF_NO": "",
						"IF_NAME": "",
						"IF_TYPE": "",
						"IF_PROVIDER": "",
						"IF_CONSUMERS": "",
						"IF_PARAM_ORDER_NO": "3",
						"IF_PARAM_NAME": "P_PROCESS_CODE_SUB2",
						"IF_PARAM_IO_TYPE": "IN",
						"IF_PARAM_DATA_TYPE": "NUMBER",
						"M_O": "M",
						"IF_PARAM_DESC": "İşlem Alt Kod2",
						"IF_DESCRIPTION": ""
					},
					{
						"IF_NO": "",
						"IF_NAME": "",
						"IF_TYPE": "",
						"IF_PROVIDER": "",
						"IF_CONSUMERS": "",
						"IF_PARAM_ORDER_NO": "4",
						"IF_PARAM_NAME": "RETURN",
						"IF_PARAM_IO_TYPE": "OUT",
						"IF_PARAM_DATA_TYPE": "VARCHAR2",
						"M_O": "M",
						"IF_PARAM_DESC": "İşlem Adı",
						"IF_DESCRIPTION": ""
					}
				]
			},
			{
				"ROW": [
					{
						"IF_NO": "12",
						"IF_NAME": "koc_clm_hlth_utils.getCoverDef",
						"IF_TYPE": "PLSQL Function",
						"IF_PROVIDER": "HEALTH",
						"IF_CONSUMERS": "OPUS",
						"IF_PARAM_ORDER_NO": "1",
						"IF_PARAM_NAME": "COVER_CODE",
						"IF_PARAM_IO_TYPE": "IN",
						"IF_PARAM_DATA_TYPE": "VARCHAR2",
						"M_O": "M",
						"IF_PARAM_DESC": "Teminat Kodu",
						"IF_DESCRIPTION": "Teminat Kodundan Teminat Adını döndürür"
					},
					{
						"IF_NO": "",
						"IF_NAME": "",
						"IF_TYPE": "",
						"IF_PROVIDER": "",
						"IF_CONSUMERS": "",
						"IF_PARAM_ORDER_NO": "2",
						"IF_PARAM_NAME": "RETURN",
						"IF_PARAM_IO_TYPE": "OUT",
						"IF_PARAM_DATA_TYPE": "VARCHAR2",
						"M_O": "M",
						"IF_PARAM_DESC": "Teminat Adıı",
						"IF_DESCRIPTION": ""
					}
				]
			},
			{
				"ROW": [
					{
						"IF_NO": "13",
						"IF_NAME": "ProvizyonTalep_PREP",
						"IF_TYPE": "JAVA WebMethod",
						"IF_PROVIDER": "Allianz",
						"IF_CONSUMERS": "Anlaşmalı Kurumlar",
						"IF_PARAM_ORDER_NO": "1",
						"IF_PARAM_NAME": "KURUM",
						"IF_PARAM_IO_TYPE": "IN",
						"IF_PARAM_DATA_TYPE": "KurumType",
						"M_O": "M",
						"IF_PARAM_DESC": "Kurum Bilgileri",
						"IF_DESCRIPTION": " http://10.70.2.63:17101/healthProvisionWS/HealthProvisionService"
					},
					{
						"IF_NO": "",
						"IF_NAME": "",
						"IF_TYPE": "",
						"IF_PROVIDER": "",
						"IF_CONSUMERS": "",
						"IF_PARAM_ORDER_NO": "2",
						"IF_PARAM_NAME": "REFERANS_NUMARALARI",
						"IF_PARAM_IO_TYPE": "IN",
						"IF_PARAM_DATA_TYPE": "ReferansNumaralariType",
						"M_O": "M",
						"IF_PARAM_DESC": "Referans Numaraları",
						"IF_DESCRIPTION": ""
					}
				]
			},
			{
				"ROW": {
					"IF_NO": "14",
					"IF_NAME": "Koc_Clm_Hlth_Trnx2.Cancelclmpayment",
					"IF_TYPE": "PLSQL Procedure",
					"IF_PROVIDER": "",
					"IF_CONSUMERS": "",
					"IF_PARAM_ORDER_NO": "",
					"IF_PARAM_NAME": "",
					"IF_PARAM_IO_TYPE": "",
					"IF_PARAM_DATA_TYPE": "",
					"M_O": "",
					"IF_PARAM_DESC": "",
					"IF_DESCRIPTION": "Tahakkuk İptali"
				}
			}
		]
	}
}