{
              "contractId" : "443324942",
              "instituteCode" : "918",
              "partitionNo" : "1646",
              "realizationDate" : "2019-09-16T00:00:00.000+03:00",
              "logId" : "138168142",
              "claimDetailDto" : {"extReference" : "58721662",
              "claimId" : "42686756",
              "addOrderNo" : "1",
              "sfNo" : "1",
              "ahek" : "false",
              "automated" : "false",
              "beforeComplaintIllness" : "",
              "breResultCode" : "PP",
              "claimInstLoc" : "YI",
              "claimInstType" : "AK",
              "claimStatusType" : "PP",
              "classDisease1" : "30J20",
              "classDisease2" : "",
              "classDisease3" : "",
              "closeDate" : "",
              "commDate" : "",
              "communicationExp1" : "SGSGS",
              "communicationExp2" : "SDGSDG",
              "communicationNo" : "",
              "communicationNumber1" : "5556667788",
              "communicationNumber2" : "5556667788",
              "complaintStart" : "",
              "complementary" : "false",
              "consultationDiagnosis" : "",
              "contractMessage" : "",
              "countryCode" : "",
              "cpaStatus" : "",
              "dateOfLoss" : "2019-09-16T00:00:00.000+03:00",
              "deductionRate" : "",
              "dhInst" : "",
              "dischargeDate" : "2019-09-16T00:00:00.000+03:00",
              "doctorCode" : "71729",
              "doctorStatus" : "",
              "doctorType" : "Anlaşmalı Doktor",
              "drDiplomaNo" : "",
              "drNameLastname" : "CUMHUR KAAN YALTIRIK",
              "eprescriptionNo" : "",
              "exGratia" : "false",
              "exGratiaFee" : "",
              "examDate" : "",
              "examinationsResults" : "",
              "explanation" : "",
              "extDoctor" : "false",
              "extDoctorAmt" : "",
              "finalClassDisease1" : "30J20",
              "finalClassDisease2" : "",
              "finalClassDisease3" : "",
              "fromCityCode" : "",
              "fromDistrictCode" : "",
              "fromToPlace" : "",
              "groupCode" : "S5001",
              "hasUnreadableDoc" : "",
              "hlthSrvPay" : "",
              "hospitalAmt" : "0",
              "hospitalRefNo" : "",
              "hospitalizeApprFormExpl1" : "",
              "hospitalizeApprFormExpl2" : "",
              "hospitalizeDate" : "2019-09-16T00:00:00.000+03:00",
              "identitiyType" : "",
              "identityNo" : "",
              "identityNumber" : "10967819348",
              "instGlnCode" : "",
              "instTaxNumber" : "",
              "instTaxOffice" : "",
              "instituteCode" : "918",
              "invoiceDate" : "",
              "invoiceExplanation" : "",
              "invoiceNo" : "",
              "invoiceTotal" : "",
              "judicial" : "false",
              "lastMenstDate" : "",
              "medicalBackground" : "",
              "medulaDate" : "",
              "nationality" : "TC",
              "ok" : "false",
              "onlyExaminationFee" : "false",
              "origClaimInstLoc" : "YI",
              "origClaimInstType" : "AK",
              "original" : "false",
              "otherCountry" : "",
              "otherCountryCity" : "",
              "packageDate" : "2019-01-01T00:00:00.000+03:00",
              "packageId" : "260615",
              "partId" : "103465942",
              "patientAdmittanceDate" : "",
              "patientComplaint" : "",
              "patientVisitMade" : "false",
              "paymentTotal" : "",
              "personalNotes" : "",
              "plannedTreatmentProc" : "",
              "possDischargeDate" : "2019-09-16T00:00:00.000+03:00",
              "possHospitalizeDate" : "2019-09-16T00:00:00.000+03:00",
              "prediagnosisDiagnosis" : "",
              "pregnant" : "false",
              "prescriptionDate" : "",
              "prescriptionNo" : "",
              "prescriptionType" : "",
              "processDate" : "2019-09-16T09:58:22.000+03:00",
              "provisionFeeChargeDate" : "",
              "provisionDate" : "2019-09-16T00:00:00.000+03:00",
              "provisionUserId" : "MEDISER28",
              "provDemandDate" : "",
              "processExp" : "",
              "sgkRefNo" : "",
              "socSecInstApp" : "",
              "shippingDate" : "",
              "shippingNo" : "",
              "realizationDate" : "",
              "relClaimId" : "",
              "sgkTotal" : "0",
              "referralInstituteName" : "",
              "requestAmount" : "",
              "requestSystem" : "PORTAL",
              "sgkUsed" : "false",
              "referral" : "false",
              "suspense" : "false",
              "suspenseDate" : "",
              "specialtySubject" : "1090",
              "statusCode" : "PP",
              "swiftCode" : "TL",
              "toCityCode" : "",
              "toDistrictCode" : "",
              "timeStamp" : "",
              "surgeryDate" : "",
              "visitingReason" : "",
              "urgentCure" : "false",
              "wrongProvision" : "false",
              "web" : "true",
              "webLocationCode" : "920",
              "ytType" : "Ameliyat",
              "updateLimit" : "true",
              "versionNo" : "0",
              "previousStatusCode" : "PP",
              "denySms":"false",
                  "itemList" : [],
                  "medicineList" : [],
                  "processList": [{
                "claimId" : "42686756",
                "addOrderNo" : "1",
                "breResultCode" : "",
                "coverCode" : "S500",
                "groupNo" : "0",
                "discountGroupCode" : "YAT",
                "entranceDate" : "2019-09-16T00:00:00.000+03:00",
                "explanation" : "",
                "drgCode" : "",
                "doctorCode" : "",
                "doctorStatus" : "",
                "diagnosisId" : "",
                "locationCode" : "920",
                "processCodeMain" : "1",
                "processCodeSub1" : "10",
                "processCodeSub2" : "101",
                "indemnityAmount" : "",
                "processGroup" : "YATT",
                "processCount" : "1",
                "instIndemnityAmount" : "0",
                "orderNo" : "1",
                "procType" : "",
                "physiotherapySession" : "",
                "processDate" : "",
                "sfNo" : "1",
                "userId" : "MEDISER28",
                "statusCode" : "PP",
                "swiftCode" : "",
                "timeStamp" : "2019-09-16T09:56:49.000+03:00",
                "sgkAmount" : "",
                "vatRate" : "",
                "rightLeft" : "",
                "surgeryId" : "",
                "seqNo" : "1",
                "reqProcessName" : "",
                "reqProcessCode" : "",
                "reqProcessListType" : "",
                "relatedProcess" : "",
                "relatedProcessListType" : ""
              },{
                "claimId" : "42686756",
                "addOrderNo" : "1",
                "breResultCode" : "",
                "coverCode" : "S500",
                "groupNo" : "0",
                "discountGroupCode" : "YAT",
                "entranceDate" : "2019-09-16T00:00:00.000+03:00",
                "explanation" : "",
                "drgCode" : "",
                "doctorCode" : "",
                "doctorStatus" : "",
                "diagnosisId" : "",
                "locationCode" : "920",
                "processCodeMain" : "1",
                "processCodeSub1" : "20",
                "processCodeSub2" : "101",
                "indemnityAmount" : "",
                "processGroup" : "YATT",
                "processCount" : "1",
                "instIndemnityAmount" : "0",
                "orderNo" : "2",
                "procType" : "",
                "physiotherapySession" : "",
                "processDate" : "",
                "sfNo" : "1",
                "userId" : "MEDISER28",
                "statusCode" : "PP",
                "swiftCode" : "",
                "timeStamp" : "2019-09-16T09:56:49.000+03:00",
                "sgkAmount" : "",
                "vatRate" : "",
                "rightLeft" : "",
                "surgeryId" : "",
                "seqNo" : "1",
                "reqProcessName" : "",
                "reqProcessCode" : "",
                "reqProcessListType" : "",
                "relatedProcess" : "",
                "relatedProcessListType" : ""
              },{
                "claimId" : "42686756",
                "addOrderNo" : "1",
                "breResultCode" : "",
                "coverCode" : "S500",
                "groupNo" : "0",
                "discountGroupCode" : "YAT",
                "entranceDate" : "2019-09-16T00:00:00.000+03:00",
                "explanation" : "",
                "drgCode" : "",
                "doctorCode" : "",
                "doctorStatus" : "",
                "diagnosisId" : "",
                "locationCode" : "920",
                "processCodeMain" : "1",
                "processCodeSub1" : "30",
                "processCodeSub2" : "101",
                "indemnityAmount" : "",
                "processGroup" : "YATT",
                "processCount" : "1",
                "instIndemnityAmount" : "0",
                "orderNo" : "3",
                "procType" : "",
                "physiotherapySession" : "",
                "processDate" : "",
                "sfNo" : "1",
                "userId" : "MEDISER28",
                "statusCode" : "PP",
                "swiftCode" : "",
                "timeStamp" : "2019-09-16T09:56:49.000+03:00",
                "sgkAmount" : "",
                "vatRate" : "",
                "rightLeft" : "",
                "surgeryId" : "",
                "seqNo" : "1",
                "reqProcessName" : "",
                "reqProcessCode" : "",
                "reqProcessListType" : "",
                "relatedProcess" : "",
                "relatedProcessListType" : ""
              }],
                  "provisionList": [{
                "daySeance" : "0",
                "exemptionAmount" : "0",
                "entryDate" : "2019-09-16T09:56:49.000+03:00",
                "countryCode" : "",
                "exemptionRate" : "0",
                "addOrderNo" : "1",
                "addProcAmount" : "1000",
                "doctorCode" : "",
                "doctorStatus" : "",
                "breResultCode" : "",
                "coverDistributionAmount" : "0",
                "claimId" : "42686756",
                "coverCode" : "S500",
                "isExGratia" : "0",
                "isPoolCover" : "0",
                "isSpecialCover" : "0",
                "procRequestAmount" : "0",
                "procRefusalAmount" : "0",
                "instExemptionAmount" : "0",
                "instRequestAmount" : "1000",
                "provDateTime" : "2019-09-16T09:56:49.000+03:00",
                "orderNo" : "",
                "instAddProcAmount" : "1000",
                "locationCode" : "920",
                "provisionTotal" : "1000",
                "provisionExplanation" : "ASDASD",
                "requestAmount" : "1000",
                "refusalAmount" : "0",
                "swiftCode" : "TL",
                "reqCureDayCount" : "0",
                "statusCode" : "PP",
                "userId" : "MEDISER28",
                "sysRequestAmount" : "1000",
                "sgkAmount" : "0",
                "timeStamp" : "",
                "subPackageId" : "",
                "subPackageDate" : "",
                "sfNo" : "1"
              },{
                "daySeance" : "0",
                "exemptionAmount" : "0",
                "entryDate" : "",
                "countryCode" : "",
                "exemptionRate" : "0",
                "addOrderNo" : "1",
                "addProcAmount" : "1000",
                "doctorCode" : "",
                "doctorStatus" : "",
                "breResultCode" : "",
                "coverDistributionAmount" : "0",
                "claimId" : "42686756",
                "coverCode" : "S693",
                "isExGratia" : "",
                "isPoolCover" : "1",
                "isSpecialCover" : "0",
                "procRequestAmount" : "0",
                "procRefusalAmount" : "0",
                "instExemptionAmount" : "0",
                "instRequestAmount" : "1000",
                "provDateTime" : "",
                "orderNo" : "",
                "instAddProcAmount" : "1000",
                "locationCode" : "920",
                "provisionTotal" : "1000",
                "provisionExplanation" : "SADASD",
                "requestAmount" : "1000",
                "refusalAmount" : "0",
                "swiftCode" : "TL",
                "reqCureDayCount" : "0",
                "statusCode" : "PP",
                "userId" : "MEDISER131",
                "sysRequestAmount" : "1000",
                "sgkAmount" : "0",
                "timeStamp" : "",
                "subPackageId" : "",
                "subPackageDate" : "",
                "sfNo" : "1"
              },{
                "daySeance" : "0",
                "exemptionAmount" : "0",
                "entryDate" : "",
                "countryCode" : "",
                "exemptionRate" : "0.25",
                "addOrderNo" : "1",
                "addProcAmount" : "1000",
                "doctorCode" : "",
                "doctorStatus" : "",
                "breResultCode" : "",
                "coverDistributionAmount" : "0",
                "claimId" : "42686756",
                "coverCode" : "S704",
                "isExGratia" : "",
                "isPoolCover" : "1",
                "isSpecialCover" : "0",
                "procRequestAmount" : "0",
                "procRefusalAmount" : "0",
                "instExemptionAmount" : "0",
                "instRequestAmount" : "1000",
                "provDateTime" : "",
                "orderNo" : "",
                "instAddProcAmount" : "1000",
                "locationCode" : "910",
                "provisionTotal" : "750",
                "provisionExplanation" : "ASDASD",
                "requestAmount" : "1000",
                "refusalAmount" : "0",
                "swiftCode" : "TL",
                "reqCureDayCount" : "0",
                "statusCode" : "PP",
                "userId" : "MEDISER131",
                "sysRequestAmount" : "1000",
                "sgkAmount" : "0",
                "timeStamp" : "",
                "subPackageId" : "",
                "subPackageDate" : "",
                "sfNo" : "1"
              },{
                "daySeance" : "0",
                "exemptionAmount" : "0",
                "entryDate" : "",
                "countryCode" : "",
                "exemptionRate" : "0",
                "addOrderNo" : "1",
                "addProcAmount" : "1000",
                "doctorCode" : "",
                "doctorStatus" : "",
                "breResultCode" : "",
                "coverDistributionAmount" : "0",
                "claimId" : "42686756",
                "coverCode" : "S703",
                "isExGratia" : "",
                "isPoolCover" : "1",
                "isSpecialCover" : "0",
                "procRequestAmount" : "0",
                "procRefusalAmount" : "0",
                "instExemptionAmount" : "0",
                "instRequestAmount" : "1000",
                "provDateTime" : "",
                "orderNo" : "",
                "instAddProcAmount" : "1000",
                "locationCode" : "920",
                "provisionTotal" : "1000",
                "provisionExplanation" : "ASDASD",
                "requestAmount" : "1000",
                "refusalAmount" : "0",
                "swiftCode" : "TL",
                "reqCureDayCount" : "0",
                "statusCode" : "PP",
                "userId" : "MEDISER131",
                "sysRequestAmount" : "1000",
                "sgkAmount" : "0",
                "timeStamp" : "",
                "subPackageId" : "",
                "subPackageDate" : "",
                "sfNo" : "1"
              }],
                  "rejectLossList": [],
                  "vaccineList" : []
               },
               "userDto" : {
                  "userId" : "MEDISER131",
                  "userName" : "MEDISER131"
               }
          }