<?xml version="1.0" encoding="UTF-8" standalone="yes"?>
<ClaimFileWeb>
    <addOrderNo>0</addOrderNo>
    <agreementType>Anlaşmalı Doktor</agreementType>
    <ahek>false</ahek>
    <breProvision>false</breProvision>
    <claimId>0</claimId>
    <controlDoctorForOssProvision>false</controlDoctorForOssProvision>
    <externalDoctor>false</externalDoctor>
    <externalDoctorRequestAmount>0.0</externalDoctorRequestAmount>
    <groupCode>S9136</groupCode>
    <hospitalAmount>0.0</hospitalAmount>
    <injections>
        <coverCode>S355</coverCode>
        <injectionBarcode>8699522967209</injectionBarcode>
        <injectionName>ENGERIX-B HEPATİT B AŞISI FLAKON (ERİŞKİN) 0.02 mg/ml (1ml) 1x1ml flakon</injectionName>
        <injectionPrice>19.59</injectionPrice>
        <recordStatus>I</recordStatus>
    </injections>
    <instituteCode>6411</instituteCode>
    <insured>
        <birthDate>1975-09-12T00:00:00+03:00</birthDate>
        <gender>Kadın</gender>
        <healthCardNumber>7210556</healthCardNumber>
        <identityNumber>65167015922</identityNumber>
        <name>NADİDE</name>
        <partId>9704009</partId>
        <surname>GÜNEŞ İSBİR</surname>
    </insured>
    <judicial>false</judicial>
    <kesinTaniSelectedList>
        <diseaseCode>J02</diseaseCode>
        <explanation>Akut farenjit</explanation>
    </kesinTaniSelectedList>
    <kilometers>0</kilometers>
    <locationCode>910</locationCode>
    <medicalDoctor>
        <academicStaff>true</academicStaff>
        <agreementType>Anlaşmalı Doktor</agreementType>
        <docPoint>false</docPoint>
        <doctorId>226692</doctorId>
        <eqNameToMernisName>false</eqNameToMernisName>
        <fullName>ASUMAN CÖMERT ERKILINÇ</fullName>
        <instituteCode>6411</instituteCode>
        <isBpmUser>0</isBpmUser>
        <isSpeciality>0</isSpeciality>
        <medicalBranch>
            <branchName>Dermatoloji (cildiye)</branchName>
            <branchSubject>1280</branchSubject>
            <isJudicial>0</isJudicial>
        </medicalBranch>
        <medicalStaffList>Doktor</medicalStaffList>
        <myDocReject>false</myDocReject>
        <ossDrOnTssInst>false</ossDrOnTssInst>
        <sgkStatus>Anlaşmasız</sgkStatus>
        <specInstSub1Code>0</specInstSub1Code>
        <specInstSub2Code>0</specInstSub2Code>
        <surName>CÖMERT ERKILINÇ</surName>
        <tck>14884615502</tck>
        <title>Doç.</title>
        <university>0</university>
    </medicalDoctor>
    <patientEnterCofirmed>false</patientEnterCofirmed>
    <policy>
        <advantageNetwork>false</advantageNetwork>
        <agentIntId>66326</agentIntId>
        <agentRefCode>1601</agentRefCode>
        <allianzStandart>false</allianzStandart>
        <complementary>0</complementary>
        <contractId>419139242</contractId>
        <emergencyGroup>false</emergencyGroup>
        <endDate>2019-10-01T00:00:00+03:00</endDate>
        <exemptFromSGK>false</exemptFromSGK>
        <familyInfo>
            <familyCode>8304</familyCode>
            <familyName>GÜNEŞ İSBİR</familyName>
        </familyInfo>
        <groupCode>S9136</groupCode>
        <groupName>KFS ŞİRKETLER GRUBU</groupName>
        <hclmResult>true</hclmResult>
        <klubePolicy>false</klubePolicy>
        <locationCodeMatch>false</locationCodeMatch>
        <openForClaim>true</openForClaim>
        <otherActiveLocationMatchedPolicyCount>0</otherActiveLocationMatchedPolicyCount>
        <otherActivePolicyCount>0</otherActivePolicyCount>
        <packExtRef>S9136-25</packExtRef>
        <packName>KFS- YAPI KREDİ BANKASI</packName>
        <packageDate>2018-10-01T00:00:00+03:00</packageDate>
        <packageId>259157</packageId>
        <partId>9704009</partId>
        <partitionName>GRUP SAĞLIK</partitionName>
        <partitionNo>20911</partitionNo>
        <partitionType>GRUP</partitionType>
        <policyRef>0001171006127669-20911</policyRef>
        <priorityOrderNo>99</priorityOrderNo>
        <productId>64</productId>
        <productName>GRUP SAĞLIK</productName>
        <productType>GRUP</productType>
        <productTypeCode>64</productTypeCode>
        <provisionenabled>1</provisionenabled>
        <sameNetwork>true</sameNetwork>
        <samePolicyRefIndex>-1</samePolicyRefIndex>
        <specialGroup>false</specialGroup>
        <startDate>2018-10-01T00:00:00+03:00</startDate>
        <subCompanyCode>S9136-1</subCompanyCode>
        <takeThis>true</takeThis>
        <tpaCompanyInfo>
            <title>Allianz Sigorta A.Ş.</title>
        </tpaCompanyInfo>
        <versionNo>847</versionNo>
    </policy>
    <pregnant>false</pregnant>
    <processes>
        <groupNo>0</groupNo>
        <processId>
            <processCodeMain>10</processCodeMain>
            <processCodeSub1>10</processCodeSub1>
            <processCodeSub2>101</processCodeSub2>
        </processId>
        <processName>Muayene-Gündüz (Normal İş Veya Tatil Günlerinde, Muayenehanede)</processName>
        <quantity>1</quantity>
        <quantityRequired>false</quantityRequired>
        <recordStatus>I</recordStatus>
        <requestedPrice>199.0</requestedPrice>
        <systemPrice>199.0</systemPrice>
    </processes>
    <processes>
        <groupNo>0</groupNo>
        <processId>
            <processCodeMain>60</processCodeMain>
            <processCodeSub1>24</processCodeSub1>
            <processCodeSub2>123</processCodeSub2>
        </processId>
        <processName>Boyun Us</processName>
        <quantity>1</quantity>
        <quantityRequired>false</quantityRequired>
        <recordStatus>I</recordStatus>
        <requestedPrice>358.2</requestedPrice>
        <systemPrice>358.2</systemPrice>
    </processes>
    <processes>
        <groupNo>0</groupNo>
        <processId>
            <processCodeMain>60</processCodeMain>
            <processCodeSub1>10</processCodeSub1>
            <processCodeSub2>102</processCodeSub2>
        </processId>
        <processName>Normal Tek Yönlü Grafi</processName>
        <quantity>1</quantity>
        <quantityRequired>true</quantityRequired>
        <recordStatus>I</recordStatus>
        <requestedPrice>125.77</requestedPrice>
        <systemPrice>125.77</systemPrice>
    </processes>
    <processes>
        <groupNo>0</groupNo>
        <processId>
            <processCodeMain>74</processCodeMain>
            <processCodeSub1>10</processCodeSub1>
            <processCodeSub2>319</processCodeSub2>
        </processId>
        <processName>Demir</processName>
        <quantity>1</quantity>
        <quantityRequired>false</quantityRequired>
        <recordStatus>I</recordStatus>
        <requestedPrice>42.67</requestedPrice>
        <systemPrice>42.67</systemPrice>
    </processes>
    <processes>
        <groupNo>0</groupNo>
        <processId>
            <processCodeMain>74</processCodeMain>
            <processCodeSub1>10</processCodeSub1>
            <processCodeSub2>320</processCodeSub2>
        </processId>
        <processName>Demir Bağlama Kapasitesi</processName>
        <quantity>1</quantity>
        <quantityRequired>false</quantityRequired>
        <recordStatus>I</recordStatus>
        <requestedPrice>64.0</requestedPrice>
        <systemPrice>64.0</systemPrice>
    </processes>
    <processes>
        <groupNo>0</groupNo>
        <processId>
            <processCodeMain>60</processCodeMain>
            <processCodeSub1>34</processCodeSub1>
            <processCodeSub2>121</processCodeSub2>
        </processId>
        <processName>Alt Abdomen Mrg- 1 Tesla ve Üzeri</processName>
        <quantity>1</quantity>
        <quantityRequired>false</quantityRequired>
        <recordStatus>I</recordStatus>
        <requestedPrice>955.2</requestedPrice>
        <systemPrice>955.2</systemPrice>
    </processes>
    <provisionDate>2019-09-27T09:07:27.245+03:00</provisionDate>
    <recordStatus>I</recordStatus>
    <redirectToWebService>false</redirectToWebService>
    <referral>false</referral>
    <sfNo>0</sfNo>
    <sgkAmount>0.0</sgkAmount>
    <sgkUsed>false</sgkUsed>
    <userName>MEDISER28</userName>
</ClaimFileWeb>
