<?xml version="1.0" encoding="UTF-8" standalone="yes"?>
<ns3:ProvizyonTalep xmlns:ns1="http://hastane.claimer.compugroup.com" xmlns:ns3="http://wsdl.hastane.claimer.compugroup.com">
    <ns1:Kurum>
        <ns1:KurumKodu>500105</ns1:KurumKodu>
        <ns1:SifreBilgileri>
            <ns1:KurumSifre>NLZUDH66</ns1:KurumSifre>
        </ns1:SifreBilgileri>
        <ns1:IslemYapanKisi>nuray.tekin</ns1:IslemYapanKisi>
        <ns1:SigortaSirketiKodu>allianz</ns1:SigortaSirketiKodu>
    </ns1:Kurum>
    <ns1:TalepSigortaliBilgileri>
        <ns1:SigortaliNumaraListesi>
            <SigortaliNumarasi>13772426282</SigortaliNumarasi>
            <SigortaliNumaraTipi>TcKimlikNo</SigortaliNumaraTipi>
        </ns1:SigortaliNumaraListesi>
        <ns1:SigortaliNumaraListesi>
            <SigortaliNumarasi>0001171006127993-15523</SigortaliNumarasi>
            <SigortaliNumaraTipi>PoliceNo</SigortaliNumaraTipi>
        </ns1:SigortaliNumaraListesi>
        <ns1:SigortaliNumaraListesi>
            <SigortaliNumarasi>143979</SigortaliNumarasi>
            <SigortaliNumaraTipi>SicilNo</SigortaliNumaraTipi>
        </ns1:SigortaliNumaraListesi>
        <ns1:SigortaliNumaraListesi>
            <SigortaliNumarasi>00018594340014448332</SigortaliNumarasi>
            <SigortaliNumaraTipi>MusteriNo</SigortaliNumaraTipi>
        </ns1:SigortaliNumaraListesi>
        <ns1:SigortaliNumaraListesi>
            <SigortaliNumarasi>9278021</SigortaliNumarasi>
            <SigortaliNumaraTipi>SigortaliKartNo</SigortaliNumaraTipi>
        </ns1:SigortaliNumaraListesi>
        <ns1:Ad>BAHTİYE EZGİ</ns1:Ad>
        <ns1:Soyad>ŞENOL</ns1:Soyad>
        <ns1:CepTelefonu>5366852355</ns1:CepTelefonu>
    </ns1:TalepSigortaliBilgileri>
    <ns1:YakinlikBilgileri>
        <ns1:Ad>AHMET</ns1:Ad>
        <ns1:Soyad>ŞENOL</ns1:Soyad>
        <ns1:Cinsiyet>e</ns1:Cinsiyet>
        <ns1:Yakinlik>Fert</ns1:Yakinlik>
        <ns1:CepTelefonu>5366852355</ns1:CepTelefonu>
    </ns1:YakinlikBilgileri>
    <ns1:DoktorBilgileri>
        <ns1:AdSoyad>Mustafa Yenigün</ns1:AdSoyad>
        <ns1:Unvan>Prof</ns1:Unvan>
        <ns1:Brans>1000</ns1:Brans>
        <ns1:KadroDurumu>Kadrolu</ns1:KadroDurumu>
        <ns1:TcKimlikNo>26021010484</ns1:TcKimlikNo>
        <ns1:DiplomaTescilNo>24098</ns1:DiplomaTescilNo>
        <ns1:DoktorTipi>TTFormunuDolduran</ns1:DoktorTipi>
    </ns1:DoktorBilgileri>
    <ns1:MedikalBilgiler>
        <ns1:BasvuruTipi>Diger</ns1:BasvuruTipi>
        <ns1:HastaKabulTarihi>2019-11-18T14:55:00.000+03:00</ns1:HastaKabulTarihi>
        <ns1:TedaviTipi YatisliDurumu="Yatissiz"/>
        <ns1:Tani>
            <ns1:TaniAdi>Bulantı ve kusma</ns1:TaniAdi>
            <ns1:Kod>R11</ns1:Kod>
            <ns1:TaniTuru>KesinTani</ns1:TaniTuru>
        </ns1:Tani>
        <ns1:Tani>
            <ns1:TaniAdi>Epidemik vertigo</ns1:TaniAdi>
            <ns1:Kod>A88.1</ns1:Kod>
            <ns1:TaniTuru>OnTani</ns1:TaniTuru>
        </ns1:Tani>
        <ns1:HizmetBilgileri>
            <ns1:HizmetBazliIslemBilgileri>
                <ns1:Ad>Muayene-Gündüz (Normal İş Veya Tatil Günlerinde, Muayenehanede)</ns1:Ad>
                <ns1:IslemKod ns1:IslemListeTuru="Diger">10_10_101</ns1:IslemKod>
                <ns1:DoktorBilgileri>
                    <ns1:AdSoyad>Mustafa Yenigün</ns1:AdSoyad>
                    <ns1:Unvan>Prof</ns1:Unvan>
                    <ns1:Brans>1000</ns1:Brans>
                    <ns1:KadroDurumu>Kadrolu</ns1:KadroDurumu>
                    <ns1:TcKimlikNo>26021010484</ns1:TcKimlikNo>
                    <ns1:DiplomaTescilNo>24098</ns1:DiplomaTescilNo>
                    <ns1:DoktorTipi>TTFormunuDolduran</ns1:DoktorTipi>
                </ns1:DoktorBilgileri>
                <ns1:TalepEdilenTutar>0.0</ns1:TalepEdilenTutar>
                <ns1:SgkTarafindanKarsilananTutar>0.0</ns1:SgkTarafindanKarsilananTutar>
                <ns1:IslemZamanBilgisi>
                    <ns1:IsleminYapilacagiTarih>2019-11-18+03:00</ns1:IsleminYapilacagiTarih>
                    <ns1:IslemSaati>14:55</ns1:IslemSaati>
                </ns1:IslemZamanBilgisi>
                <ns1:SiraNo>23295832</ns1:SiraNo>
                <ns1:Aciklama>
                    <ns1:StringValue></ns1:StringValue>
                </ns1:Aciklama>
            </ns1:HizmetBazliIslemBilgileri>
        </ns1:HizmetBilgileri>
        <ns1:HastaBilgiFormu>
            <ns1:Sikayet>Mide ağrısı, ateş kusma , terleme , ishal </ns1:Sikayet>
            <ns1:SikayetBaslangicTarihi>2019-11-14+03:00</ns1:SikayetBaslangicTarihi>
            <ns1:OzgecmisDetayBilgileri>
                <ns1:GecirdigiHastaliklar>false</ns1:GecirdigiHastaliklar>
                <ns1:KanVeKanTrans>false</ns1:KanVeKanTrans>
                <ns1:SurekliKullandigiIlaclar>false</ns1:SurekliKullandigiIlaclar>
                <ns1:OzgecmisNotu></ns1:OzgecmisNotu>
                <ns1:SigaraKullanimi>false</ns1:SigaraKullanimi>
                <ns1:AlkolKullanimi>false</ns1:AlkolKullanimi>
                <ns1:OzelDurumNotu></ns1:OzelDurumNotu>
                <ns1:AllerjisiVarMi>false</ns1:AllerjisiVarMi>
            </ns1:OzgecmisDetayBilgileri>
            <PoliklinikKayitlari>
                <ns1:PoliklinikKayitBilgileri>
                    <ns1:Brans>1000</ns1:Brans>
                    <ns1:PoliklinikKayitTarihi>2019-11-18+03:00</ns1:PoliklinikKayitTarihi>
                </ns1:PoliklinikKayitBilgileri>
                <ns1:KayitIcerikBilgileri>
                    <ns1:Icerik>Poliklinik</ns1:Icerik>
                </ns1:KayitIcerikBilgileri>
            </PoliklinikKayitlari>
            <ns1:Hikayesi>4 gündür </ns1:Hikayesi>
            <ns1:TrafikKazasi>false</ns1:TrafikKazasi>
            <ns1:AdliVaka>false</ns1:AdliVaka>
            <ns1:Acil>false</ns1:Acil>
            <ns1:KabulTipi>Poliklinik</ns1:KabulTipi>
        </ns1:HastaBilgiFormu>
    </ns1:MedikalBilgiler>
    <ns1:SgkBilgileri SgkKullanilmaDurumu="false">
        <ns1:SgkTarafindanKarsilanacakToplamTutar>0.0</ns1:SgkTarafindanKarsilanacakToplamTutar>
    </ns1:SgkBilgileri>
    <ns1:ProvizyonOnProvizyonAlinmakIstenenTarih>2019-11-18T15:41:43.306+03:00</ns1:ProvizyonOnProvizyonAlinmakIstenenTarih>
</ns3:ProvizyonTalep>
