<soapenv:Envelope xmlns:soapenv="http://schemas.xmlsoap.org/soap/envelope/" xmlns:wsdl="http://wsdl.hastane.claimer.compugroup.com" xmlns:has="http://hastane.claimer.compugroup.com">
   <soapenv:Header/>
   <soapenv:Body>
       <ns3:ProvizyonTalep xmlns:ns1="http://hastane.claimer.compugroup.com" xmlns:ns3="http://wsdl.hastane.claimer.compugroup.com">
    <ns1:Kurum>
        <ns1:KurumKodu>937598</ns1:KurumKodu>
        <ns1:SifreBilgileri>
            <ns1:KurumSifre>Aa123456</ns1:KurumSifre>
        </ns1:SifreBilgileri>
        <ns1:IslemYapanKisi>EHS0608901</ns1:IslemYapanKisi>
        <ns1:SigortaSirketiKodu>allianz</ns1:SigortaSirketiKodu>
    </ns1:Kurum>
    <ns1:TalepSigortaliBilgileri>
        <ns1:SigortaliNumaraListesi>
            <SigortaliNumarasi>13094304688</SigortaliNumarasi>
            <SigortaliNumaraTipi>TcKimlikNo</SigortaliNumaraTipi>
        </ns1:SigortaliNumaraListesi>
        <ns1:SigortaliNumaraListesi>
            <SigortaliNumarasi>0001071003292815-1</SigortaliNumarasi>
            <SigortaliNumaraTipi>PoliceNo</SigortaliNumaraTipi>
        </ns1:SigortaliNumaraListesi>
        <ns1:SigortaliNumaraListesi>
            <SigortaliNumarasi>8206313</SigortaliNumarasi>
            <SigortaliNumaraTipi>SigortaliKartNo</SigortaliNumaraTipi>
        </ns1:SigortaliNumaraListesi>
        <ns1:Ad>CANET</ns1:Ad>
        <ns1:Soyad>ÖZBOYACI</ns1:Soyad>
        <ns1:CepTelefonu>5346336616</ns1:CepTelefonu>
    </ns1:TalepSigortaliBilgileri>
    <ns1:YakinlikBilgileri>
        <ns1:Ad>LÜTFULLAH</ns1:Ad>
        <ns1:Soyad>ÖZBOYACI</ns1:Soyad>
        <ns1:Cinsiyet>e</ns1:Cinsiyet>
        <ns1:Yakinlik>Fert</ns1:Yakinlik>
        <ns1:CepTelefonu>5346336616</ns1:CepTelefonu>
    </ns1:YakinlikBilgileri>
    <ns1:DoktorBilgileri>
        <ns1:AdSoyad>Nujen Çolak Bozkurt</ns1:AdSoyad>
        <ns1:Unvan>Doc</ns1:Unvan>
        <ns1:Brans>1078</ns1:Brans>
        <ns1:KadroDurumu>Kadrolu</ns1:KadroDurumu>
        <ns1:TcKimlikNo>48121507930</ns1:TcKimlikNo>        
        <ns1:DiplomaTescilNo>143410</ns1:DiplomaTescilNo>
        <ns1:DoktorTipi>TTFormunuDolduran</ns1:DoktorTipi>
    </ns1:DoktorBilgileri>
    <ns1:MedikalBilgiler>
        <ns1:BasvuruTipi>Diger</ns1:BasvuruTipi>
        <ns1:HastaKabulTarihi>2019-06-25T10:51:00.000+03:00</ns1:HastaKabulTarihi>
        <ns1:TedaviTipi YatisliDurumu="Yatissiz"/>
        <ns1:Tani>
            <ns1:TaniAdi>Metabolik bozukluklar, tanımlanmamış</ns1:TaniAdi>
            <ns1:Kod>E88.9</ns1:Kod>
            <ns1:TaniTuru>OnTani</ns1:TaniTuru>
        </ns1:Tani>
        <ns1:Tani>
            <ns1:TaniAdi>Hiperglisemi, tanımlanmamış</ns1:TaniAdi>
            <ns1:Kod>R73.9</ns1:Kod>
            <ns1:TaniTuru>OnTani</ns1:TaniTuru>
        </ns1:Tani>
        <ns1:Tani>
            <ns1:TaniAdi>Tiroidit, tanımlanmamış</ns1:TaniAdi>
            <ns1:Kod>E06.9</ns1:Kod>
            <ns1:TaniTuru>OnTani</ns1:TaniTuru>
        </ns1:Tani>
        <ns1:Tani>
            <ns1:TaniAdi>Tiroidit</ns1:TaniAdi>
            <ns1:Kod>E06</ns1:Kod>
            <ns1:TaniTuru>OnTani</ns1:TaniTuru>
        </ns1:Tani>
        <ns1:Tani>
            <ns1:TaniAdi>Tiroid bezi diğer bozuklukları</ns1:TaniAdi>
            <ns1:Kod>E07</ns1:Kod>
            <ns1:TaniTuru>OnTani</ns1:TaniTuru>
        </ns1:Tani>
        <ns1:Tani>
            <ns1:TaniAdi>Hiperlipidemi, tanımlanmamış</ns1:TaniAdi>
            <ns1:Kod>E78.5</ns1:Kod>
            <ns1:TaniTuru>OnTani</ns1:TaniTuru>
        </ns1:Tani>
        <ns1:Tani>
            <ns1:TaniAdi>Esansiyel (primer) hipertansiyon</ns1:TaniAdi>
            <ns1:Kod>I10</ns1:Kod>
            <ns1:TaniTuru>OnTani</ns1:TaniTuru>
        </ns1:Tani>
        <ns1:HizmetBilgileri>
            <ns1:HizmetBazliIslemBilgileri>
                <ns1:Ad>Muayene-Gündüz (Normal İş Veya Tatil Günlerinde, Muayenehanede)</ns1:Ad>
                <ns1:IslemKod ns1:IslemListeTuru="Diger">10_10_101</ns1:IslemKod>
                <ns1:DoktorBilgileri>
                    <ns1:AdSoyad>Nujen Çolak Bozkurt</ns1:AdSoyad>
                    <ns1:Unvan>Doc</ns1:Unvan>
                    <ns1:Brans>1078</ns1:Brans>
                    <ns1:KadroDurumu>Kadrolu</ns1:KadroDurumu>
                    <ns1:TcKimlikNo>48121507930</ns1:TcKimlikNo>
                    <ns1:DiplomaTescilNo>143410</ns1:DiplomaTescilNo>
                    <ns1:DoktorTipi>TTFormunuDolduran</ns1:DoktorTipi>
                </ns1:DoktorBilgileri>
                <ns1:TalepEdilenTutar>210.375</ns1:TalepEdilenTutar>
                <ns1:SgkTarafindanKarsilananTutar>0.0</ns1:SgkTarafindanKarsilananTutar>
                <ns1:IslemZamanBilgisi>
                    <ns1:IsleminYapilacagiTarih>2019-07-07+03:00</ns1:IsleminYapilacagiTarih>
                    <ns1:IslemSaati>10:51</ns1:IslemSaati>
                </ns1:IslemZamanBilgisi>
                <ns1:SiraNo>29055114</ns1:SiraNo>
                <ns1:Aciklama>
                    <ns1:StringValue></ns1:StringValue>
                </ns1:Aciklama>
            </ns1:HizmetBazliIslemBilgileri>
        </ns1:HizmetBilgileri>              
        <ns1:HastaBilgiFormu>
            <ns1:Sikayet>TİROİD TESTLERİNDE BOZUKLUK, HİPERGLİSEMİ 
25/06/2019 tedavisi düzenlenen hasta 1. ay  kontrole geldi </ns1:Sikayet>
            <ns1:SikayetBaslangicTarihi>2019-07-07+03:00</ns1:SikayetBaslangicTarihi>
            <ns1:Ozgecmis>DM, HİPOTİROİDİ </ns1:Ozgecmis>
            <ns1:OzgecmisDetayBilgileri>
                <ns1:GecirdigiHastaliklar>false</ns1:GecirdigiHastaliklar>
                <ns1:KanVeKanTrans>false</ns1:KanVeKanTrans>
                <ns1:SurekliKullandigiIlaclar>true</ns1:SurekliKullandigiIlaclar>
                <ns1:OzgecmisNotu></ns1:OzgecmisNotu>
                <ns1:SigaraKullanimi>false</ns1:SigaraKullanimi>
                <ns1:AlkolKullanimi>false</ns1:AlkolKullanimi>
                <ns1:OzelDurumNotu></ns1:OzelDurumNotu>
                <ns1:AllerjisiVarMi>true</ns1:AllerjisiVarMi>
            </ns1:OzgecmisDetayBilgileri>
            <ns1:Soygecmis>ANNEDE DM, BABA 38 YAŞINDA EX  AMCADA KALP EX </ns1:Soygecmis>
            <PoliklinikKayitlari>
                <ns1:PoliklinikKayitBilgileri>
                    <ns1:Brans>1078</ns1:Brans>
                    <ns1:PoliklinikKayitTarihi>2019-07-07+03:00</ns1:PoliklinikKayitTarihi>
                </ns1:PoliklinikKayitBilgileri>
                <ns1:KayitIcerikBilgileri>
                    <ns1:Icerik>Poliklinik</ns1:Icerik>
                </ns1:KayitIcerikBilgileri>
            </PoliklinikKayitlari>
            <ns1:Hikayesi>10 YILDIR LT KULLANIYOR, BİYOPSİ YAPILAMIŞ, OPERASYON YOK. 1 AY ÖNCE YAPILAN TETKİKLERDE  LT 100 KULLANIYORKEN TSH 0.4  T4: 1,3 GELMİŞ..  5-6 YILDIR HİPERGLİSEMİ ÖYKÜSÜ VAR. JANUVİA+METF KULLANIYOR. DAHA ÖNCE FORZİGA KULLANIYORMUŞ KESİLMİŞ 1 AY ÖNCE AKŞ:127  HBA1C:5,9  
25/06/2019 kontrole geldi </ns1:Hikayesi>
            <ns1:TrafikKazasi>false</ns1:TrafikKazasi>
            <ns1:AdliVaka>false</ns1:AdliVaka>
            <ns1:Acil>false</ns1:Acil>
            <ns1:KabulTipi>Poliklinik</ns1:KabulTipi>
        </ns1:HastaBilgiFormu>
    </ns1:MedikalBilgiler>
    <ns1:SgkBilgileri SgkKullanilmaDurumu="false">
        <ns1:SgkTarafindanKarsilanacakToplamTutar>0.0</ns1:SgkTarafindanKarsilanacakToplamTutar>
    </ns1:SgkBilgileri>
    <ns1:ProvizyonOnProvizyonAlinmakIstenenTarih>2019-07-07T11:17:00.792+03:00</ns1:ProvizyonOnProvizyonAlinmakIstenenTarih>
</ns3:ProvizyonTalep>
   </soapenv:Body>
</soapenv:Envelope>