<S:Envelope xmlns:S="http://schemas.xmlsoap.org/soap/envelope/">
   <S:Header>
      <X-OPNET-Transaction-Trace xmlns="http://opnet.com">pid=8884,requestid=0cfc4e25-2da5-484d-a402-a61ba12544cc</X-OPNET-Transaction-Trace>
   </S:Header>
   <S:Body>
      <S:Fault xmlns:ns4="http://www.w3.org/2003/05/soap-envelope">
         <faultcode>S:Server</faultcode>
         <faultstring>ErrorNo#131533308: Provizyon alınamadı: Doktor kimlik no bilgisi boş olamaz! Lütfen hatalı ve eksik başvuru bilgilerini düzeltip tekrar deneyiniz.</faultstring>
      </S:Fault>
   </S:Body>
</S:Envelope>