{
  "userDto" : {
    "userId" : null,
    "userName" : "MEDISER28",
    "departmentCode" : null,
    "name" : null,
    "password" : null,
    "email" : null,
    "age" : 0,
    "dob" : null,
    "type" : null,
    "userGroup" : null,
    "realUserType" : null,
    "regionCode" : null,
    "agentIntId" : null,
    "userRoles" : null,
    "subAgentIntId" : null
  },
  "logId" : 137897207,
  "origindate" : null,
  "institute" : {
    "instituteCodeSkrs" : null,
    "instituteCodeAllz" : 175,
    "instituteUserCode" : "MEDISER28",
    "operationPersonal" : "MEDISER28",
    "insuranceCompanyCode" : null
  },
  "institutePass" : {
    "institutepPass" : null,
    "insuranceSupervisorPass" : null,
    "claimerPass" : null
  },
  "provisionReferenceList" : [ ],
  "insured" : {
    "id" : null,
    "insuredNoList" : [ {
      "insuredNo" : "9578485",
      "insuredNoType" : "SIGORTALI_KART_NO"
    }, {
      "insuredNo" : "41965456976",
      "insuredNoType" : "TC_KIMLIK_NO"
    }, {
      "insuredNo" : "0001171006129172-48",
      "insuredNoType" : "POLICE_NO"
    } ],
    "firstName" : "ABDİL BURAK",
    "surname" : "BAŞLI",
    "sex" : "M",
    "dateOfBirth" : 208904400000,
    "relationship" : null,
    "mobilePhone" : null,
    "fatherName" : null
  },
  "relationshipInfo" : null,
  "doctorInfo" : {
    "userDto" : null,
    "logId" : null,
    "nameSurname" : "OYA GÜRBÜZ",
    "title" : null,
    "branch" : "1280",
    "staffStatus" : "KADROLU",
    "identityNo" : null,
    "diplomaRegistrationNo" : null,
    "doctorType" : null,
    "doctorCode" : 104,
    "actionCode" : null,
    "sourceType" : null,
    "instituteCode" : null,
    "instituteCodeAllz" : null,
    "cgmDoctorBranch" : null
  },
  "referralInfo" : {
    "referral" : false,
    "referralInstituteName" : null
  },
  "medicalInfo" : {
    "userDto" : null,
    "logId" : null,
    "applicationType" : "",
    "dateOfPatientAdmission" : null,
    "treatmentType" : {
      "userDto" : null,
      "logId" : null,
      "hospitalizationStatus" : "910",
      "hospitalizationInfo" : {
        "dateOfHospitalizations" : null,
        "dateOfSurgery" : null,
        "dateOfDischargeFromHospital" : null,
        "timeOfHospitalizations" : null,
        "timeOfDischargeFromHospital" : null,
        "extDoctorAmount" : 0.0,
        "hospitalAmount" : 0.0,
        "nationality" : null,
        "identityNumber" : null,
        "communicationExp1" : null,
        "communicationNumber1" : null,
        "communicationExp2" : null,
        "communicationNumber2" : null,
        "ytType" : null,
        "dateOfPossHospitalizations" : null,
        "dateOfPossDischarge" : null
      }
    },
    "diseaseList" : [ {
      "userDto" : null,
      "logId" : null,
      "name" : "Viral siğiller",
      "code" : "B07",
      "type" : "KESIN_TANI"
    } ],
    "serviceInformationList" : [ {
      "userDto" : null,
      "logId" : null,
      "serviceBasedProcess" : {
        "userDto" : null,
        "logId" : null,
        "name" : null,
        "processCode" : {
          "userDto" : null,
          "logId" : null,
          "processCodeList" : null,
          "processCodeValue" : "10_10_101",
          "processCodeMain" : 10,
          "processCodeSub1" : 10,
          "processCodeSub2" : 101,
          "coverCode" : null,
          "pulakDoctorBranch" : null
        },
        "drgCode" : null,
        "relatedProcessCode" : null,
        "doctorInfo" : null,
        "amountRequest" : 201.15,
        "amountSgk" : null,
        "processDateTime" : 1568379265432,
        "detail" : null,
        "orderNo" : "1",
        "rateVat" : null,
        "rightLeft" : null,
        "explanation" : null,
        "count" : 1,
        "swiftCode" : null,
        "enrichedDoctorDto" : null
      },
      "lumpSumProcess" : null
    }, {
      "userDto" : null,
      "logId" : null,
      "serviceBasedProcess" : {
        "userDto" : null,
        "logId" : null,
        "name" : null,
        "processCode" : {
          "userDto" : null,
          "logId" : null,
          "processCodeList" : null,
          "processCodeValue" : "74_10_111",
          "processCodeMain" : 74,
          "processCodeSub1" : 10,
          "processCodeSub2" : 111,
          "coverCode" : null,
          "pulakDoctorBranch" : null
        },
        "drgCode" : null,
        "relatedProcessCode" : null,
        "doctorInfo" : null,
        "amountRequest" : 32.18,
        "amountSgk" : null,
        "processDateTime" : 1568379265432,
        "detail" : null,
        "orderNo" : "2",
        "rateVat" : null,
        "rightLeft" : null,
        "explanation" : null,
        "count" : 1,
        "swiftCode" : null,
        "enrichedDoctorDto" : null
      },
      "lumpSumProcess" : null
    }, {
      "userDto" : null,
      "logId" : null,
      "serviceBasedProcess" : {
        "userDto" : null,
        "logId" : null,
        "name" : null,
        "processCode" : {
          "userDto" : null,
          "logId" : null,
          "processCodeList" : null,
          "processCodeValue" : "74_10_243",
          "processCodeMain" : 74,
          "processCodeSub1" : 10,
          "processCodeSub2" : 243,
          "coverCode" : null,
          "pulakDoctorBranch" : null
        },
        "drgCode" : null,
        "relatedProcessCode" : null,
        "doctorInfo" : null,
        "amountRequest" : 32.18,
        "amountSgk" : null,
        "processDateTime" : 1568379265432,
        "detail" : null,
        "orderNo" : "3",
        "rateVat" : null,
        "rightLeft" : null,
        "explanation" : null,
        "count" : 1,
        "swiftCode" : null,
        "enrichedDoctorDto" : null
      },
      "lumpSumProcess" : null
    }, {
      "userDto" : null,
      "logId" : null,
      "serviceBasedProcess" : {
        "userDto" : null,
        "logId" : null,
        "name" : null,
        "processCode" : {
          "userDto" : null,
          "logId" : null,
          "processCodeList" : null,
          "processCodeValue" : "74_10_526",
          "processCodeMain" : 74,
          "processCodeSub1" : 10,
          "processCodeSub2" : 526,
          "coverCode" : null,
          "pulakDoctorBranch" : null
        },
        "drgCode" : null,
        "relatedProcessCode" : null,
        "doctorInfo" : null,
        "amountRequest" : 83.68,
        "amountSgk" : null,
        "processDateTime" : 1568379265432,
        "detail" : null,
        "orderNo" : "4",
        "rateVat" : null,
        "rightLeft" : null,
        "explanation" : null,
        "count" : 1,
        "swiftCode" : null,
        "enrichedDoctorDto" : null
      },
      "lumpSumProcess" : null
    }, {
      "userDto" : null,
      "logId" : null,
      "serviceBasedProcess" : {
        "userDto" : null,
        "logId" : null,
        "name" : null,
        "processCode" : {
          "userDto" : null,
          "logId" : null,
          "processCodeList" : null,
          "processCodeValue" : "74_10_773",
          "processCodeMain" : 74,
          "processCodeSub1" : 10,
          "processCodeSub2" : 773,
          "coverCode" : null,
          "pulakDoctorBranch" : null
        },
        "drgCode" : null,
        "relatedProcessCode" : null,
        "doctorInfo" : null,
        "amountRequest" : 96.55,
        "amountSgk" : null,
        "processDateTime" : 1568379265432,
        "detail" : null,
        "orderNo" : "5",
        "rateVat" : null,
        "rightLeft" : null,
        "explanation" : null,
        "count" : 1,
        "swiftCode" : null,
        "enrichedDoctorDto" : null
      },
      "lumpSumProcess" : null
    }, {
      "userDto" : null,
      "logId" : null,
      "serviceBasedProcess" : {
        "userDto" : null,
        "logId" : null,
        "name" : null,
        "processCode" : {
          "userDto" : null,
          "logId" : null,
          "processCodeList" : null,
          "processCodeValue" : "1_10_102",
          "processCodeMain" : 1,
          "processCodeSub1" : 10,
          "processCodeSub2" : 102,
          "coverCode" : null,
          "pulakDoctorBranch" : null
        },
        "drgCode" : null,
        "relatedProcessCode" : null,
        "doctorInfo" : null,
        "amountRequest" : 100.0,
        "amountSgk" : null,
        "processDateTime" : 1568379265432,
        "detail" : null,
        "orderNo" : "6",
        "rateVat" : null,
        "rightLeft" : null,
        "explanation" : null,
        "count" : 1,
        "swiftCode" : null,
        "enrichedDoctorDto" : null
      },
      "lumpSumProcess" : null
    }, {
      "userDto" : null,
      "logId" : null,
      "serviceBasedProcess" : {
        "userDto" : null,
        "logId" : null,
        "name" : null,
        "processCode" : {
          "userDto" : null,
          "logId" : null,
          "processCodeList" : null,
          "processCodeValue" : "24_10_159",
          "processCodeMain" : 24,
          "processCodeSub1" : 10,
          "processCodeSub2" : 159,
          "coverCode" : null,
          "pulakDoctorBranch" : null
        },
        "drgCode" : null,
        "relatedProcessCode" : null,
        "doctorInfo" : null,
        "amountRequest" : 38.62,
        "amountSgk" : null,
        "processDateTime" : 1568379265432,
        "detail" : null,
        "orderNo" : "7",
        "rateVat" : null,
        "rightLeft" : null,
        "explanation" : null,
        "count" : 1,
        "swiftCode" : null,
        "enrichedDoctorDto" : null
      },
      "lumpSumProcess" : null
    }, {
      "userDto" : null,
      "logId" : null,
      "serviceBasedProcess" : {
        "userDto" : null,
        "logId" : null,
        "name" : null,
        "processCode" : {
          "userDto" : null,
          "logId" : null,
          "processCodeList" : null,
          "processCodeValue" : "22_10_107",
          "processCodeMain" : 22,
          "processCodeSub1" : 10,
          "processCodeSub2" : 107,
          "coverCode" : null,
          "pulakDoctorBranch" : null
        },
        "drgCode" : null,
        "relatedProcessCode" : null,
        "doctorInfo" : null,
        "amountRequest" : 19.31,
        "amountSgk" : null,
        "processDateTime" : 1568379265432,
        "detail" : null,
        "orderNo" : "8",
        "rateVat" : null,
        "rightLeft" : null,
        "explanation" : null,
        "count" : 1,
        "swiftCode" : null,
        "enrichedDoctorDto" : null
      },
      "lumpSumProcess" : null
    }, {
      "userDto" : null,
      "logId" : null,
      "serviceBasedProcess" : {
        "userDto" : null,
        "logId" : null,
        "name" : null,
        "processCode" : {
          "userDto" : null,
          "logId" : null,
          "processCodeList" : null,
          "processCodeValue" : "24_10_160",
          "processCodeMain" : 24,
          "processCodeSub1" : 10,
          "processCodeSub2" : 160,
          "coverCode" : null,
          "pulakDoctorBranch" : null
        },
        "drgCode" : null,
        "relatedProcessCode" : null,
        "doctorInfo" : null,
        "amountRequest" : 19.31,
        "amountSgk" : null,
        "processDateTime" : 1568379265432,
        "detail" : null,
        "orderNo" : "9",
        "rateVat" : null,
        "rightLeft" : null,
        "explanation" : null,
        "count" : 1,
        "swiftCode" : null,
        "enrichedDoctorDto" : null
      },
      "lumpSumProcess" : null
    }, {
      "userDto" : null,
      "logId" : null,
      "serviceBasedProcess" : {
        "userDto" : null,
        "logId" : null,
        "name" : null,
        "processCode" : {
          "userDto" : null,
          "logId" : null,
          "processCodeList" : null,
          "processCodeValue" : "22_10_105",
          "processCodeMain" : 22,
          "processCodeSub1" : 10,
          "processCodeSub2" : 105,
          "coverCode" : null,
          "pulakDoctorBranch" : null
        },
        "drgCode" : null,
        "relatedProcessCode" : null,
        "doctorInfo" : null,
        "amountRequest" : 32.18,
        "amountSgk" : null,
        "processDateTime" : 1568379265432,
        "detail" : null,
        "orderNo" : "10",
        "rateVat" : null,
        "rightLeft" : null,
        "explanation" : null,
        "count" : 1,
        "swiftCode" : null,
        "enrichedDoctorDto" : null
      },
      "lumpSumProcess" : null
    }, {
      "userDto" : null,
      "logId" : null,
      "serviceBasedProcess" : {
        "userDto" : null,
        "logId" : null,
        "name" : null,
        "processCode" : {
          "userDto" : null,
          "logId" : null,
          "processCodeList" : null,
          "processCodeValue" : "18_30_114",
          "processCodeMain" : 18,
          "processCodeSub1" : 30,
          "processCodeSub2" : 114,
          "coverCode" : null,
          "pulakDoctorBranch" : null
        },
        "drgCode" : null,
        "relatedProcessCode" : null,
        "doctorInfo" : null,
        "amountRequest" : 64.37,
        "amountSgk" : null,
        "processDateTime" : 1568379265432,
        "detail" : null,
        "orderNo" : "11",
        "rateVat" : null,
        "rightLeft" : null,
        "explanation" : null,
        "count" : 1,
        "swiftCode" : null,
        "enrichedDoctorDto" : null
      },
      "lumpSumProcess" : null
    }, {
      "userDto" : null,
      "logId" : null,
      "serviceBasedProcess" : {
        "userDto" : null,
        "logId" : null,
        "name" : null,
        "processCode" : {
          "userDto" : null,
          "logId" : null,
          "processCodeList" : null,
          "processCodeValue" : "10_10_135",
          "processCodeMain" : 10,
          "processCodeSub1" : 10,
          "processCodeSub2" : 135,
          "coverCode" : null,
          "pulakDoctorBranch" : null
        },
        "drgCode" : null,
        "relatedProcessCode" : null,
        "doctorInfo" : null,
        "amountRequest" : 0.0,
        "amountSgk" : null,
        "processDateTime" : 1568379265432,
        "detail" : null,
        "orderNo" : "12",
        "rateVat" : null,
        "rightLeft" : null,
        "explanation" : null,
        "count" : 1,
        "swiftCode" : null,
        "enrichedDoctorDto" : null
      },
      "lumpSumProcess" : null
    }, {
      "userDto" : null,
      "logId" : null,
      "serviceBasedProcess" : {
        "userDto" : null,
        "logId" : null,
        "name" : null,
        "processCode" : {
          "userDto" : null,
          "logId" : null,
          "processCodeList" : null,
          "processCodeValue" : "17_18_109",
          "processCodeMain" : 17,
          "processCodeSub1" : 18,
          "processCodeSub2" : 109,
          "coverCode" : null,
          "pulakDoctorBranch" : null
        },
        "drgCode" : null,
        "relatedProcessCode" : null,
        "doctorInfo" : null,
        "amountRequest" : 96.55,
        "amountSgk" : null,
        "processDateTime" : 1568379265432,
        "detail" : null,
        "orderNo" : "13",
        "rateVat" : null,
        "rightLeft" : null,
        "explanation" : null,
        "count" : 1,
        "swiftCode" : null,
        "enrichedDoctorDto" : null
      },
      "lumpSumProcess" : null
    }, {
      "userDto" : null,
      "logId" : null,
      "serviceBasedProcess" : {
        "userDto" : null,
        "logId" : null,
        "name" : null,
        "processCode" : {
          "userDto" : null,
          "logId" : null,
          "processCodeList" : null,
          "processCodeValue" : "22_10_123",
          "processCodeMain" : 22,
          "processCodeSub1" : 10,
          "processCodeSub2" : 123,
          "coverCode" : null,
          "pulakDoctorBranch" : null
        },
        "drgCode" : null,
        "relatedProcessCode" : null,
        "doctorInfo" : null,
        "amountRequest" : 96.55,
        "amountSgk" : null,
        "processDateTime" : 1568379265432,
        "detail" : null,
        "orderNo" : "14",
        "rateVat" : null,
        "rightLeft" : null,
        "explanation" : null,
        "count" : 1,
        "swiftCode" : null,
        "enrichedDoctorDto" : null
      },
      "lumpSumProcess" : null
    }, {
      "userDto" : null,
      "logId" : null,
      "serviceBasedProcess" : {
        "userDto" : null,
        "logId" : null,
        "name" : null,
        "processCode" : {
          "userDto" : null,
          "logId" : null,
          "processCodeList" : null,
          "processCodeValue" : "36_13_110",
          "processCodeMain" : 36,
          "processCodeSub1" : 13,
          "processCodeSub2" : 110,
          "coverCode" : null,
          "pulakDoctorBranch" : null
        },
        "drgCode" : null,
        "relatedProcessCode" : null,
        "doctorInfo" : null,
        "amountRequest" : 108.62,
        "amountSgk" : null,
        "processDateTime" : 1568379265432,
        "detail" : null,
        "orderNo" : "15",
        "rateVat" : null,
        "rightLeft" : null,
        "explanation" : null,
        "count" : 1,
        "swiftCode" : null,
        "enrichedDoctorDto" : null
      },
      "lumpSumProcess" : null
    }, {
      "userDto" : null,
      "logId" : null,
      "serviceBasedProcess" : {
        "userDto" : null,
        "logId" : null,
        "name" : null,
        "processCode" : {
          "userDto" : null,
          "logId" : null,
          "processCodeList" : null,
          "processCodeValue" : "17_18_110",
          "processCodeMain" : 17,
          "processCodeSub1" : 18,
          "processCodeSub2" : 110,
          "coverCode" : null,
          "pulakDoctorBranch" : null
        },
        "drgCode" : null,
        "relatedProcessCode" : null,
        "doctorInfo" : null,
        "amountRequest" : 96.55,
        "amountSgk" : null,
        "processDateTime" : 1568379265432,
        "detail" : null,
        "orderNo" : "16",
        "rateVat" : null,
        "rightLeft" : null,
        "explanation" : null,
        "count" : 1,
        "swiftCode" : null,
        "enrichedDoctorDto" : null
      },
      "lumpSumProcess" : null
    }, {
      "userDto" : null,
      "logId" : null,
      "serviceBasedProcess" : {
        "userDto" : null,
        "logId" : null,
        "name" : null,
        "processCode" : {
          "userDto" : null,
          "logId" : null,
          "processCodeList" : null,
          "processCodeValue" : "18_10_132",
          "processCodeMain" : 18,
          "processCodeSub1" : 10,
          "processCodeSub2" : 132,
          "coverCode" : null,
          "pulakDoctorBranch" : null
        },
        "drgCode" : null,
        "relatedProcessCode" : null,
        "doctorInfo" : null,
        "amountRequest" : 96.55,
        "amountSgk" : null,
        "processDateTime" : 1568379265432,
        "detail" : null,
        "orderNo" : "17",
        "rateVat" : null,
        "rightLeft" : null,
        "explanation" : null,
        "count" : 1,
        "swiftCode" : null,
        "enrichedDoctorDto" : null
      },
      "lumpSumProcess" : null
    }, {
      "userDto" : null,
      "logId" : null,
      "serviceBasedProcess" : {
        "userDto" : null,
        "logId" : null,
        "name" : null,
        "processCode" : {
          "userDto" : null,
          "logId" : null,
          "processCodeList" : null,
          "processCodeValue" : "24_10_143",
          "processCodeMain" : 24,
          "processCodeSub1" : 10,
          "processCodeSub2" : 143,
          "coverCode" : null,
          "pulakDoctorBranch" : null
        },
        "drgCode" : null,
        "relatedProcessCode" : null,
        "doctorInfo" : null,
        "amountRequest" : 25.75,
        "amountSgk" : null,
        "processDateTime" : 1568379265432,
        "detail" : null,
        "orderNo" : "18",
        "rateVat" : null,
        "rightLeft" : null,
        "explanation" : null,
        "count" : 1,
        "swiftCode" : null,
        "enrichedDoctorDto" : null
      },
      "lumpSumProcess" : null
    }, {
      "userDto" : null,
      "logId" : null,
      "serviceBasedProcess" : {
        "userDto" : null,
        "logId" : null,
        "name" : null,
        "processCode" : {
          "userDto" : null,
          "logId" : null,
          "processCodeList" : null,
          "processCodeValue" : "17_18_113",
          "processCodeMain" : 17,
          "processCodeSub1" : 18,
          "processCodeSub2" : 113,
          "coverCode" : null,
          "pulakDoctorBranch" : null
        },
        "drgCode" : null,
        "relatedProcessCode" : null,
        "doctorInfo" : null,
        "amountRequest" : 51.49,
        "amountSgk" : null,
        "processDateTime" : 1568379265432,
        "detail" : null,
        "orderNo" : "19",
        "rateVat" : null,
        "rightLeft" : null,
        "explanation" : null,
        "count" : 1,
        "swiftCode" : null,
        "enrichedDoctorDto" : null
      },
      "lumpSumProcess" : null
    }, {
      "userDto" : null,
      "logId" : null,
      "serviceBasedProcess" : {
        "userDto" : null,
        "logId" : null,
        "name" : null,
        "processCode" : {
          "userDto" : null,
          "logId" : null,
          "processCodeList" : null,
          "processCodeValue" : "22_10_112",
          "processCodeMain" : 22,
          "processCodeSub1" : 10,
          "processCodeSub2" : 112,
          "coverCode" : null,
          "pulakDoctorBranch" : null
        },
        "drgCode" : null,
        "relatedProcessCode" : null,
        "doctorInfo" : null,
        "amountRequest" : 51.49,
        "amountSgk" : null,
        "processDateTime" : 1568379265432,
        "detail" : null,
        "orderNo" : "20",
        "rateVat" : null,
        "rightLeft" : null,
        "explanation" : null,
        "count" : 1,
        "swiftCode" : null,
        "enrichedDoctorDto" : null
      },
      "lumpSumProcess" : null
    }, {
      "userDto" : null,
      "logId" : null,
      "serviceBasedProcess" : {
        "userDto" : null,
        "logId" : null,
        "name" : null,
        "processCode" : {
          "userDto" : null,
          "logId" : null,
          "processCodeList" : null,
          "processCodeValue" : "40_100_127",
          "processCodeMain" : 40,
          "processCodeSub1" : 100,
          "processCodeSub2" : 127,
          "coverCode" : null,
          "pulakDoctorBranch" : null
        },
        "drgCode" : null,
        "relatedProcessCode" : null,
        "doctorInfo" : null,
        "amountRequest" : 51.49,
        "amountSgk" : null,
        "processDateTime" : 1568379265432,
        "detail" : null,
        "orderNo" : "21",
        "rateVat" : null,
        "rightLeft" : null,
        "explanation" : null,
        "count" : 1,
        "swiftCode" : null,
        "enrichedDoctorDto" : null
      },
      "lumpSumProcess" : null
    } ],
    "consumableList" : [ ],
    "patientInfoForm" : {
      "userDto" : null,
      "logId" : null,
      "complaint" : null,
      "complaintStartDate" : null,
      "history" : null,
      "historyDetailInfo" : null,
      "familyHistory" : null,
      "physicalExaminationFindings" : null,
      "polyclinicList" : null,
      "examinationResultList" : null,
      "anamnesis" : null,
      "dateOfLastMenstrual" : null,
      "trafficAccident" : false,
      "emergency" : null,
      "typeOfAdmission" : null,
      "occurringWayOfCase" : null,
      "judical" : false,
      "traumaCase" : false,
      "surgeryNoteList" : null,
      "epicrisisNote" : null,
      "consultationReportList" : null,
      "anesthesiaNote" : null
    },
    "examDate" : null,
    "processExp" : null,
    "patientComplaint" : null,
    "complaintStart" : null,
    "lastmenstDate" : null,
    "beforeComplaintIllness" : null,
    "medicalBackground" : null,
    "consultationDiagnosis" : null,
    "examinationsResults" : null,
    "preDiagnosisDiagnosis" : null,
    "plannedTreatmentProc" : null,
    "ahek" : false
  },
  "sgkInfo" : {
    "sgkUsed" : false,
    "amountSgk" : 0.0
  },
  "mondial" : {
    "mondialType" : null,
    "fromToPlace" : null,
    "fromCityCode" : null,
    "fromDistrictCode" : null,
    "toCityCode" : null,
    "toDistrictCode" : null,
    "processcount" : 0,
    "countryCode" : null,
    "otherCountry" : null,
    "otherCountryCity" : null
  },
  "personalNotes" : null,
  "amountRequest" : null,
  "provisionDate" : 1568379265432,
  "requestSystem" : "PORTAL",
  "medulaDate" : null
}