{
  "originDate" : null,
  "resultInfo" : {
    "resultReturning" : null,
    "requestStatus" : {
      "statusCode" : "ISLENIYOR",
      "explanationList" : [ {
        "text" : "Ilac Teminati yoktur."
      }, {
        "text" : "Kurum limit aşımı"
      }, {
        "text" : "Otorizasyon gerektiren işlem seçimi"
      } ],
      "cancellationReason" : null
    }
  },
  "referenceList" : [ {
    "type" : "PROVIZYON_NUMARASI",
    "referenceNo" : "58691676",
    "verifiedFromMedula" : null
  } ],
  "provisionDate" : "2019-09-13T15:54:25+0300",
  "provisionDateCompletionDate" : null,
  "requestSystem" : "PORTAL",
  "claimId" : 42650570,
  "logId" : 137897207,
  "instituteCode" : null,
  "instituteName" : null,
  "automatedProvision" : false,
  "statusCode" : null,
  "lastProcessDate" : null,
  "lastProcessUser" : null,
  "lastProcessExplanation" : null,
  "applicationType" : null,
  "doctorInfo" : null,
  "patientInfoForm" : null,
  "provisionTreatmentType" : null,
  "diseaseList" : null,
  "provisionPackageInfo" : null
}