<?xml version="1.0" encoding="UTF-8" standalone="yes"?>
<ClaimFileWeb>
    <addOrderNo>0</addOrderNo>
    <agreementType>Anlaşmalı Doktor</agreementType>
    <ahek>false</ahek>
    <breProvision>false</breProvision>
    <claimId>0</claimId>
    <controlDoctorForOssProvision>false</controlDoctorForOssProvision>
    <externalDoctor>false</externalDoctor>
    <externalDoctorRequestAmount>0.0</externalDoctorRequestAmount>
    <groupCode>S41685</groupCode>
    <hospitalAmount>0.0</hospitalAmount>
    <instituteCode>175</instituteCode>
    <insured>
        <birthDate>1976-08-15T00:00:00+03:00</birthDate>
        <gender>Erkek</gender>
        <healthCardNumber>9578485</healthCardNumber>
        <identityNumber>41965456976</identityNumber>
        <name>ABDİL BURAK</name>
        <partId>114153477</partId>
        <surname>BAŞLI</surname>
    </insured>
    <judicial>false</judicial>
    <kesinTaniSelectedList>
        <diseaseCode>B07</diseaseCode>
        <explanation>Viral siğiller</explanation>
    </kesinTaniSelectedList>
    <kilometers>0</kilometers>
    <locationCode>910</locationCode>
    <medicalDoctor>
        <academicStaff>true</academicStaff>
        <agreementType>Anlaşmalı Doktor</agreementType>
        <docPoint>false</docPoint>
        <doctorId>104</doctorId>
        <eqNameToMernisName>false</eqNameToMernisName>
        <fullName>OYA GÜRBÜZ</fullName>
        <instituteCode>175</instituteCode>
        <isBpmUser>0</isBpmUser>
        <isSpeciality>0</isSpeciality>
        <medicalBranch>
            <branchName>Dermatoloji (cildiye)</branchName>
            <branchSubject>1280</branchSubject>
            <isJudicial>0</isJudicial>
        </medicalBranch>
        <medicalStaffList>Doktor</medicalStaffList>
        <myDocReject>false</myDocReject>
        <ossDrOnTssInst>false</ossDrOnTssInst>
        <sgkStatus>Anlaşmasız</sgkStatus>
        <specInstSub1Code>0</specInstSub1Code>
        <specInstSub2Code>0</specInstSub2Code>
        <surName>GÜRBÜZ</surName>
        <tck>29872608664</tck>
        <title>Prof.</title>
        <university>0</university>
    </medicalDoctor>
    <patientEnterCofirmed>false</patientEnterCofirmed>
    <policy>
        <advantageNetwork>false</advantageNetwork>
        <agentIntId>71171</agentIntId>
        <agentRefCode>5147</agentRefCode>
        <allianzStandart>false</allianzStandart>
        <complementary>2</complementary>
        <contractId>489033702</contractId>
        <emergencyGroup>false</emergencyGroup>
        <endDate>2020-07-01T00:00:00+03:00</endDate>
        <exemptFromSGK>false</exemptFromSGK>
        <familyInfo>
            <familyCode>893738</familyCode>
            <familyName>BAŞLI</familyName>
        </familyInfo>
        <groupCode>S41685</groupCode>
        <groupName>HAVELSAN HAVA ELEKTRONİK SAN. VE TİC. A.Ş.</groupName>
        <hclmResult>true</hclmResult>
        <klubePolicy>false</klubePolicy>
        <locationCodeMatch>false</locationCodeMatch>
        <openForClaim>true</openForClaim>
        <otherActiveLocationMatchedPolicyCount>0</otherActiveLocationMatchedPolicyCount>
        <otherActivePolicyCount>0</otherActivePolicyCount>
        <packExtRef>S41685-1</packExtRef>
        <packName>A PAKETİ</packName>
        <packageDate>2019-07-01T00:00:00+03:00</packageDate>
        <packageId>283651</packageId>
        <partId>114153477</partId>
        <partitionName>GRUP SAĞLIK</partitionName>
        <partitionNo>48</partitionNo>
        <partitionType>GRUP</partitionType>
        <policyRef>0001171006129172-48</policyRef>
        <priorityOrderNo>99</priorityOrderNo>
        <productId>64</productId>
        <productName>GRUP SAĞLIK</productName>
        <productType>GRUP</productType>
        <productTypeCode>64</productTypeCode>
        <provisionenabled>1</provisionenabled>
        <sameNetwork>true</sameNetwork>
        <samePolicyRefIndex>-1</samePolicyRefIndex>
        <specialGroup>false</specialGroup>
        <startDate>2019-07-01T00:00:00+03:00</startDate>
        <subCompanyCode>S41685-1</subCompanyCode>
        <takeThis>true</takeThis>
        <tpaCompanyInfo>
            <title>Allianz Sigorta A.Ş.</title>
        </tpaCompanyInfo>
        <versionNo>151</versionNo>
    </policy>
    <pregnant>false</pregnant>
    <processes>
        <groupNo>0</groupNo>
        <processId>
            <processCodeMain>10</processCodeMain>
            <processCodeSub1>10</processCodeSub1>
            <processCodeSub2>101</processCodeSub2>
        </processId>
        <processName>Muayene-Gündüz (Normal İş Veya Tatil Günlerinde, Muayenehanede)</processName>
        <quantity>1</quantity>
        <quantityRequired>false</quantityRequired>
        <recordStatus>I</recordStatus>
        <requestedPrice>201.15</requestedPrice>
        <systemPrice>201.15</systemPrice>
    </processes>
    <processes>
        <groupNo>0</groupNo>
        <processId>
            <processCodeMain>74</processCodeMain>
            <processCodeSub1>10</processCodeSub1>
            <processCodeSub2>111</processCodeSub2>
        </processId>
        <processName>Alanin Aminotransferaz (Alt) (Sgpt)</processName>
        <quantity>1</quantity>
        <quantityRequired>false</quantityRequired>
        <recordStatus>I</recordStatus>
        <requestedPrice>32.18</requestedPrice>
        <systemPrice>32.18</systemPrice>
    </processes>
    <processes>
        <groupNo>0</groupNo>
        <processId>
            <processCodeMain>74</processCodeMain>
            <processCodeSub1>10</processCodeSub1>
            <processCodeSub2>243</processCodeSub2>
        </processId>
        <processName>Aspartat Aminotransferaz (Ast, Sgot)</processName>
        <quantity>1</quantity>
        <quantityRequired>false</quantityRequired>
        <recordStatus>I</recordStatus>
        <requestedPrice>32.18</requestedPrice>
        <systemPrice>32.18</systemPrice>
    </processes>
    <processes>
        <groupNo>0</groupNo>
        <processId>
            <processCodeMain>74</processCodeMain>
            <processCodeSub1>10</processCodeSub1>
            <processCodeSub2>526</processCodeSub2>
        </processId>
        <processName>Kan Sayımı, Otomatize (En Az 18 Parametre)</processName>
        <quantity>1</quantity>
        <quantityRequired>false</quantityRequired>
        <recordStatus>I</recordStatus>
        <requestedPrice>83.68</requestedPrice>
        <systemPrice>83.68</systemPrice>
    </processes>
    <processes>
        <groupNo>0</groupNo>
        <processId>
            <processCodeMain>74</processCodeMain>
            <processCodeSub1>10</processCodeSub1>
            <processCodeSub2>773</processCodeSub2>
        </processId>
        <processName>Tiroid Stimulan Hormon (Tsh)</processName>
        <quantity>1</quantity>
        <quantityRequired>false</quantityRequired>
        <recordStatus>I</recordStatus>
        <requestedPrice>96.55</requestedPrice>
        <systemPrice>96.55</systemPrice>
    </processes>
    <processes>
        <groupNo>0</groupNo>
        <processId>
            <processCodeMain>1</processCodeMain>
            <processCodeSub1>10</processCodeSub1>
            <processCodeSub2>102</processCodeSub2>
        </processId>
        <processName>*Poliklinik Malzeme İlaç</processName>
        <quantity>1</quantity>
        <quantityRequired>false</quantityRequired>
        <recordStatus>I</recordStatus>
        <requestedPrice>100.0</requestedPrice>
        <systemPrice>0.0</systemPrice>
    </processes>
    <processes>
        <groupNo>0</groupNo>
        <processId>
            <processCodeMain>24</processCodeMain>
            <processCodeSub1>10</processCodeSub1>
            <processCodeSub2>159</processCodeSub2>
        </processId>
        <processName>Aşı Uygulaması (Evde)</processName>
        <quantity>1</quantity>
        <quantityRequired>false</quantityRequired>
        <recordStatus>I</recordStatus>
        <requestedPrice>38.62</requestedPrice>
        <systemPrice>38.62</systemPrice>
    </processes>
    <processes>
        <groupNo>0</groupNo>
        <processId>
            <processCodeMain>22</processCodeMain>
            <processCodeSub1>10</processCodeSub1>
            <processCodeSub2>107</processCodeSub2>
        </processId>
        <processName>Aşı Uygulaması (Muayenehanede)</processName>
        <quantity>1</quantity>
        <quantityRequired>false</quantityRequired>
        <recordStatus>I</recordStatus>
        <requestedPrice>19.31</requestedPrice>
        <systemPrice>19.31</systemPrice>
    </processes>
    <processes>
        <groupNo>0</groupNo>
        <processId>
            <processCodeMain>24</processCodeMain>
            <processCodeSub1>10</processCodeSub1>
            <processCodeSub2>160</processCodeSub2>
        </processId>
        <processName>Aşı Uygulaması (Muayenehanede)</processName>
        <quantity>1</quantity>
        <quantityRequired>false</quantityRequired>
        <recordStatus>I</recordStatus>
        <requestedPrice>19.31</requestedPrice>
        <systemPrice>19.31</systemPrice>
    </processes>
    <processes>
        <groupNo>0</groupNo>
        <processId>
            <processCodeMain>22</processCodeMain>
            <processCodeSub1>10</processCodeSub1>
            <processCodeSub2>105</processCodeSub2>
        </processId>
        <processName>Iv Enjeksiyon (Muayenehanede)</processName>
        <quantity>1</quantity>
        <quantityRequired>false</quantityRequired>
        <recordStatus>I</recordStatus>
        <requestedPrice>32.18</requestedPrice>
        <systemPrice>32.18</systemPrice>
    </processes>
    <processes>
        <groupNo>0</groupNo>
        <processId>
            <processCodeMain>18</processCodeMain>
            <processCodeSub1>30</processCodeSub1>
            <processCodeSub2>114</processCodeSub2>
        </processId>
        <processName>İntravenöz İlaç İnfüzyonu</processName>
        <quantity>1</quantity>
        <quantityRequired>false</quantityRequired>
        <recordStatus>I</recordStatus>
        <requestedPrice>64.37</requestedPrice>
        <systemPrice>64.37</systemPrice>
    </processes>
    <processes>
        <groupNo>0</groupNo>
        <processId>
            <processCodeMain>10</processCodeMain>
            <processCodeSub1>10</processCodeSub1>
            <processCodeSub2>135</processCodeSub2>
        </processId>
        <processName>Kontrol Muayene</processName>
        <quantity>1</quantity>
        <quantityRequired>false</quantityRequired>
        <recordStatus>I</recordStatus>
        <requestedPrice>0.0</requestedPrice>
        <systemPrice>0.0</systemPrice>
    </processes>
    <processes>
        <groupNo>0</groupNo>
        <processId>
            <processCodeMain>17</processCodeMain>
            <processCodeSub1>18</processCodeSub1>
            <processCodeSub2>109</processCodeSub2>
        </processId>
        <processName>Nebülazatör İle İlaç Uygulaması</processName>
        <quantity>1</quantity>
        <quantityRequired>false</quantityRequired>
        <recordStatus>I</recordStatus>
        <requestedPrice>96.55</requestedPrice>
        <systemPrice>96.55</systemPrice>
    </processes>
    <processes>
        <groupNo>0</groupNo>
        <processId>
            <processCodeMain>22</processCodeMain>
            <processCodeSub1>10</processCodeSub1>
            <processCodeSub2>123</processCodeSub2>
        </processId>
        <processName>Nebülazatör İle İlaç Uygulaması, Oksijen İle Birlikte</processName>
        <quantity>1</quantity>
        <quantityRequired>false</quantityRequired>
        <recordStatus>I</recordStatus>
        <requestedPrice>96.55</requestedPrice>
        <systemPrice>96.55</systemPrice>
    </processes>
    <processes>
        <groupNo>0</groupNo>
        <processId>
            <processCodeMain>36</processCodeMain>
            <processCodeSub1>13</processCodeSub1>
            <processCodeSub2>110</processCodeSub2>
        </processId>
        <processName>Nebülizatörle İlaç Uygulama</processName>
        <quantity>1</quantity>
        <quantityRequired>false</quantityRequired>
        <recordStatus>I</recordStatus>
        <requestedPrice>108.62</requestedPrice>
        <systemPrice>108.62</systemPrice>
    </processes>
    <processes>
        <groupNo>0</groupNo>
        <processId>
            <processCodeMain>17</processCodeMain>
            <processCodeSub1>18</processCodeSub1>
            <processCodeSub2>110</processCodeSub2>
        </processId>
        <processName>Oksijen İnhalasyon Tedavisi(Günlük)</processName>
        <quantity>1</quantity>
        <quantityRequired>false</quantityRequired>
        <recordStatus>I</recordStatus>
        <requestedPrice>96.55</requestedPrice>
        <systemPrice>96.55</systemPrice>
    </processes>
    <processes>
        <groupNo>0</groupNo>
        <processId>
            <processCodeMain>18</processCodeMain>
            <processCodeSub1>10</processCodeSub1>
            <processCodeSub2>132</processCodeSub2>
        </processId>
        <processName>Oksijen İnhalasyon Tedavisi (Günlük)</processName>
        <quantity>1</quantity>
        <quantityRequired>false</quantityRequired>
        <recordStatus>I</recordStatus>
        <requestedPrice>96.55</requestedPrice>
        <systemPrice>96.55</systemPrice>
    </processes>
    <processes>
        <groupNo>0</groupNo>
        <processId>
            <processCodeMain>24</processCodeMain>
            <processCodeSub1>10</processCodeSub1>
            <processCodeSub2>143</processCodeSub2>
        </processId>
        <processName>Sc Enjeksiyon</processName>
        <quantity>1</quantity>
        <quantityRequired>false</quantityRequired>
        <recordStatus>I</recordStatus>
        <requestedPrice>25.75</requestedPrice>
        <systemPrice>25.75</systemPrice>
    </processes>
    <processes>
        <groupNo>0</groupNo>
        <processId>
            <processCodeMain>17</processCodeMain>
            <processCodeSub1>18</processCodeSub1>
            <processCodeSub2>113</processCodeSub2>
        </processId>
        <processName>Serum Takılması</processName>
        <quantity>1</quantity>
        <quantityRequired>false</quantityRequired>
        <recordStatus>I</recordStatus>
        <requestedPrice>51.49</requestedPrice>
        <systemPrice>51.49</systemPrice>
    </processes>
    <processes>
        <groupNo>0</groupNo>
        <processId>
            <processCodeMain>22</processCodeMain>
            <processCodeSub1>10</processCodeSub1>
            <processCodeSub2>112</processCodeSub2>
        </processId>
        <processName>Serum Takılması</processName>
        <quantity>1</quantity>
        <quantityRequired>false</quantityRequired>
        <recordStatus>I</recordStatus>
        <requestedPrice>51.49</requestedPrice>
        <systemPrice>51.49</systemPrice>
    </processes>
    <processes>
        <groupNo>0</groupNo>
        <processId>
            <processCodeMain>40</processCodeMain>
            <processCodeSub1>100</processCodeSub1>
            <processCodeSub2>127</processCodeSub2>
        </processId>
        <processName>Serum Takılması</processName>
        <quantity>1</quantity>
        <quantityRequired>false</quantityRequired>
        <recordStatus>I</recordStatus>
        <requestedPrice>51.49</requestedPrice>
        <systemPrice>51.49</systemPrice>
    </processes>
    <provisionDate>2019-09-13T15:54:25.432+03:00</provisionDate>
    <recordStatus>I</recordStatus>
    <redirectToWebService>false</redirectToWebService>
    <referral>false</referral>
    <sfNo>0</sfNo>
    <sgkAmount>0.0</sgkAmount>
    <sgkUsed>false</sgkUsed>
    <userName>MEDISER28</userName>
</ClaimFileWeb>
