{
              "contractId" : "489033702",
              "instituteCode" : "175",
              "partitionNo" : "48",
              "realizationDate" : "2019-09-13T15:54:25.000+03:00",
              "logId" : "137898211",
              "claimDetailDto" : {"extReference" : "58691676",
              "claimId" : "42650570",
              "addOrderNo" : "1",
              "sfNo" : "1",
              "ahek" : "false",
              "automated" : "false",
              "beforeComplaintIllness" : "",
              "breResultCode" : "PP",
              "claimInstLoc" : "YI",
              "claimInstType" : "AK",
              "claimStatusType" : "PP",
              "classDisease1" : "30B07",
              "classDisease2" : "",
              "classDisease3" : "",
              "closeDate" : "",
              "commDate" : "",
              "communicationExp1" : "",
              "communicationExp2" : "",
              "communicationNo" : "",
              "communicationNumber1" : "",
              "communicationNumber2" : "",
              "complaintStart" : "",
              "complementary" : "false",
              "consultationDiagnosis" : "",
              "contractMessage" : "",
              "countryCode" : "",
              "cpaStatus" : "",
              "dateOfLoss" : "2019-09-13T15:54:25.000+03:00",
              "deductionRate" : "",
              "dhInst" : "",
              "dischargeDate" : "",
              "doctorCode" : "104",
              "doctorStatus" : "",
              "doctorType" : "Anlaşmalı Doktor",
              "drDiplomaNo" : "",
              "drNameLastname" : "OYA GÜRBÜZ",
              "eprescriptionNo" : "",
              "exGratia" : "false",
              "exGratiaFee" : "",
              "examDate" : "",
              "examinationsResults" : "",
              "explanation" : "",
              "extDoctor" : "false",
              "extDoctorAmt" : "",
              "finalClassDisease1" : "30B07",
              "finalClassDisease2" : "",
              "finalClassDisease3" : "",
              "fromCityCode" : "",
              "fromDistrictCode" : "",
              "fromToPlace" : "",
              "groupCode" : "S41685",
              "hasUnreadableDoc" : "",
              "hlthSrvPay" : "",
              "hospitalAmt" : "",
              "hospitalRefNo" : "",
              "hospitalizeApprFormExpl1" : "",
              "hospitalizeApprFormExpl2" : "",
              "hospitalizeDate" : "",
              "identitiyType" : "",
              "identityNo" : "41965456976",
              "identityNumber" : "",
              "instGlnCode" : "",
              "instTaxNumber" : "",
              "instTaxOffice" : "",
              "instituteCode" : "175",
              "invoiceDate" : "",
              "invoiceExplanation" : "",
              "invoiceNo" : "",
              "invoiceTotal" : "",
              "judicial" : "false",
              "lastMenstDate" : "",
              "medicalBackground" : "",
              "medulaDate" : "",
              "nationality" : "",
              "ok" : "false",
              "onlyExaminationFee" : "false",
              "origClaimInstLoc" : "YI",
              "origClaimInstType" : "AK",
              "original" : "false",
              "otherCountry" : "",
              "otherCountryCity" : "",
              "packageDate" : "2019-07-01T00:00:00.000+03:00",
              "packageId" : "283651",
              "partId" : "114153477",
              "patientAdmittanceDate" : "",
              "patientComplaint" : "",
              "patientVisitMade" : "false",
              "paymentTotal" : "",
              "personalNotes" : "",
              "plannedTreatmentProc" : "",
              "possDischargeDate" : "",
              "possHospitalizeDate" : "",
              "prediagnosisDiagnosis" : "",
              "pregnant" : "false",
              "prescriptionDate" : "",
              "prescriptionNo" : "",
              "prescriptionType" : "",
              "processDate" : "2019-09-13T15:57:18.000+03:00",
              "provisionFeeChargeDate" : "",
              "provisionDate" : "2019-09-13T15:54:25.000+03:00",
              "provisionUserId" : "MEDISER28",
              "provDemandDate" : "",
              "processExp" : "",
              "sgkRefNo" : "",
              "socSecInstApp" : "",
              "shippingDate" : "",
              "shippingNo" : "",
              "realizationDate" : "",
              "relClaimId" : "",
              "sgkTotal" : "0",
              "referralInstituteName" : "",
              "requestAmount" : "",
              "requestSystem" : "PORTAL",
              "sgkUsed" : "false",
              "referral" : "false",
              "suspense" : "false",
              "suspenseDate" : "",
              "specialtySubject" : "1280",
              "statusCode" : "PP",
              "swiftCode" : "TL",
              "toCityCode" : "",
              "toDistrictCode" : "",
              "timeStamp" : "",
              "surgeryDate" : "",
              "visitingReason" : "",
              "urgentCure" : "false",
              "wrongProvision" : "false",
              "web" : "true",
              "webLocationCode" : "910",
              "ytType" : "",
              "updateLimit" : "true",
              "versionNo" : "1",
              "previousStatusCode" : "PP",
              "denySms":"false",
                  "itemList" : [],
                  "medicineList" : [],
                  "processList": [{
                "claimId" : "42650570",
                "addOrderNo" : "1",
                "breResultCode" : "",
                "coverCode" : "S504",
                "groupNo" : "0",
                "discountGroupCode" : "DRAT",
                "entranceDate" : "2019-09-13T00:00:00.000+03:00",
                "explanation" : "",
                "drgCode" : "",
                "doctorCode" : "",
                "doctorStatus" : "",
                "diagnosisId" : "",
                "locationCode" : "910",
                "processCodeMain" : "10",
                "processCodeSub1" : "10",
                "processCodeSub2" : "135",
                "indemnityAmount" : "0",
                "processGroup" : "HIAT",
                "processCount" : "1",
                "instIndemnityAmount" : "0",
                "orderNo" : "12",
                "procType" : "",
                "physiotherapySession" : "",
                "processDate" : "",
                "sfNo" : "1",
                "userId" : "MEDISER28",
                "statusCode" : "PP",
                "swiftCode" : "",
                "timeStamp" : "2019-09-13T15:56:13.000+03:00",
                "sgkAmount" : "",
                "vatRate" : "",
                "rightLeft" : "",
                "surgeryId" : "",
                "seqNo" : "1",
                "reqProcessName" : "",
                "reqProcessCode" : "",
                "reqProcessListType" : "",
                "relatedProcess" : "",
                "relatedProcessListType" : ""
              },{
                "claimId" : "42650570",
                "addOrderNo" : "1",
                "breResultCode" : "",
                "coverCode" : "S513",
                "groupNo" : "0",
                "discountGroupCode" : "RUTL",
                "entranceDate" : "2019-09-13T00:00:00.000+03:00",
                "explanation" : "",
                "drgCode" : "",
                "doctorCode" : "",
                "doctorStatus" : "",
                "diagnosisId" : "",
                "locationCode" : "910",
                "processCodeMain" : "74",
                "processCodeSub1" : "10",
                "processCodeSub2" : "111",
                "indemnityAmount" : "32.18",
                "processGroup" : "HIAT",
                "processCount" : "1",
                "instIndemnityAmount" : "32.18",
                "orderNo" : "2",
                "procType" : "",
                "physiotherapySession" : "",
                "processDate" : "",
                "sfNo" : "1",
                "userId" : "MEDISER28",
                "statusCode" : "PP",
                "swiftCode" : "",
                "timeStamp" : "2019-09-13T15:56:13.000+03:00",
                "sgkAmount" : "",
                "vatRate" : "",
                "rightLeft" : "",
                "surgeryId" : "",
                "seqNo" : "1",
                "reqProcessName" : "",
                "reqProcessCode" : "",
                "reqProcessListType" : "",
                "relatedProcess" : "",
                "relatedProcessListType" : ""
              },{
                "claimId" : "42650570",
                "addOrderNo" : "1",
                "breResultCode" : "",
                "coverCode" : "S513",
                "groupNo" : "0",
                "discountGroupCode" : "RUTL",
                "entranceDate" : "2019-09-13T00:00:00.000+03:00",
                "explanation" : "",
                "drgCode" : "",
                "doctorCode" : "",
                "doctorStatus" : "",
                "diagnosisId" : "",
                "locationCode" : "910",
                "processCodeMain" : "74",
                "processCodeSub1" : "10",
                "processCodeSub2" : "243",
                "indemnityAmount" : "32.18",
                "processGroup" : "HIAT",
                "processCount" : "1",
                "instIndemnityAmount" : "32.18",
                "orderNo" : "3",
                "procType" : "",
                "physiotherapySession" : "",
                "processDate" : "",
                "sfNo" : "1",
                "userId" : "MEDISER28",
                "statusCode" : "PP",
                "swiftCode" : "",
                "timeStamp" : "2019-09-13T15:56:13.000+03:00",
                "sgkAmount" : "",
                "vatRate" : "",
                "rightLeft" : "",
                "surgeryId" : "",
                "seqNo" : "2",
                "reqProcessName" : "",
                "reqProcessCode" : "",
                "reqProcessListType" : "",
                "relatedProcess" : "",
                "relatedProcessListType" : ""
              },{
                "claimId" : "42650570",
                "addOrderNo" : "1",
                "breResultCode" : "",
                "coverCode" : "S513",
                "groupNo" : "0",
                "discountGroupCode" : "RUTL",
                "entranceDate" : "2019-09-13T00:00:00.000+03:00",
                "explanation" : "",
                "drgCode" : "",
                "doctorCode" : "",
                "doctorStatus" : "",
                "diagnosisId" : "",
                "locationCode" : "910",
                "processCodeMain" : "74",
                "processCodeSub1" : "10",
                "processCodeSub2" : "526",
                "indemnityAmount" : "83.68",
                "processGroup" : "HIAT",
                "processCount" : "1",
                "instIndemnityAmount" : "83.68",
                "orderNo" : "4",
                "procType" : "",
                "physiotherapySession" : "",
                "processDate" : "",
                "sfNo" : "1",
                "userId" : "MEDISER28",
                "statusCode" : "PP",
                "swiftCode" : "",
                "timeStamp" : "2019-09-13T15:56:13.000+03:00",
                "sgkAmount" : "",
                "vatRate" : "",
                "rightLeft" : "",
                "surgeryId" : "",
                "seqNo" : "3",
                "reqProcessName" : "",
                "reqProcessCode" : "",
                "reqProcessListType" : "",
                "relatedProcess" : "",
                "relatedProcessListType" : ""
              },{
                "claimId" : "42650570",
                "addOrderNo" : "1",
                "breResultCode" : "",
                "coverCode" : "S513",
                "groupNo" : "0",
                "discountGroupCode" : "LABO",
                "entranceDate" : "2019-09-13T00:00:00.000+03:00",
                "explanation" : "",
                "drgCode" : "",
                "doctorCode" : "",
                "doctorStatus" : "",
                "diagnosisId" : "",
                "locationCode" : "910",
                "processCodeMain" : "74",
                "processCodeSub1" : "10",
                "processCodeSub2" : "773",
                "indemnityAmount" : "96.55",
                "processGroup" : "HIAT",
                "processCount" : "1",
                "instIndemnityAmount" : "96.55",
                "orderNo" : "5",
                "procType" : "",
                "physiotherapySession" : "",
                "processDate" : "",
                "sfNo" : "1",
                "userId" : "MEDISER28",
                "statusCode" : "PP",
                "swiftCode" : "",
                "timeStamp" : "2019-09-13T15:56:13.000+03:00",
                "sgkAmount" : "",
                "vatRate" : "",
                "rightLeft" : "",
                "surgeryId" : "",
                "seqNo" : "4",
                "reqProcessName" : "",
                "reqProcessCode" : "",
                "reqProcessListType" : "",
                "relatedProcess" : "",
                "relatedProcessListType" : ""
              },{
                "claimId" : "42650570",
                "addOrderNo" : "1",
                "breResultCode" : "",
                "coverCode" : "S762",
                "groupNo" : "0",
                "discountGroupCode" : "YAT",
                "entranceDate" : "2019-09-13T00:00:00.000+03:00",
                "explanation" : "",
                "drgCode" : "",
                "doctorCode" : "",
                "doctorStatus" : "",
                "diagnosisId" : "",
                "locationCode" : "910",
                "processCodeMain" : "1",
                "processCodeSub1" : "10",
                "processCodeSub2" : "102",
                "indemnityAmount" : "",
                "processGroup" : "HIAT",
                "processCount" : "1",
                "instIndemnityAmount" : "100",
                "orderNo" : "6",
                "procType" : "",
                "physiotherapySession" : "",
                "processDate" : "",
                "sfNo" : "1",
                "userId" : "MEDISER28",
                "statusCode" : "PP",
                "swiftCode" : "",
                "timeStamp" : "2019-09-13T15:56:13.000+03:00",
                "sgkAmount" : "",
                "vatRate" : "",
                "rightLeft" : "",
                "surgeryId" : "",
                "seqNo" : "2",
                "reqProcessName" : "",
                "reqProcessCode" : "",
                "reqProcessListType" : "",
                "relatedProcess" : "",
                "relatedProcessListType" : ""
              },{
                "claimId" : "42650570",
                "addOrderNo" : "1",
                "breResultCode" : "R",
                "coverCode" : "S762",
                "groupNo" : "0",
                "discountGroupCode" : "DRAT",
                "entranceDate" : "2019-09-13T00:00:00.000+03:00",
                "explanation" : "",
                "drgCode" : "",
                "doctorCode" : "",
                "doctorStatus" : "",
                "diagnosisId" : "",
                "locationCode" : "910",
                "processCodeMain" : "10",
                "processCodeSub1" : "10",
                "processCodeSub2" : "101",
                "indemnityAmount" : "201.15",
                "processGroup" : "HIAT",
                "processCount" : "1",
                "instIndemnityAmount" : "201.15",
                "orderNo" : "1",
                "procType" : "",
                "physiotherapySession" : "",
                "processDate" : "",
                "sfNo" : "1",
                "userId" : "MEDISER28",
                "statusCode" : "PR",
                "swiftCode" : "",
                "timeStamp" : "2019-09-13T15:56:13.000+03:00",
                "sgkAmount" : "",
                "vatRate" : "",
                "rightLeft" : "",
                "surgeryId" : "",
                "seqNo" : "1",
                "reqProcessName" : "",
                "reqProcessCode" : "",
                "reqProcessListType" : "",
                "relatedProcess" : "",
                "relatedProcessListType" : ""
              },{
                "claimId" : "42650570",
                "addOrderNo" : "1",
                "breResultCode" : "",
                "coverCode" : "S762",
                "groupNo" : "0",
                "discountGroupCode" : "GENC",
                "entranceDate" : "2019-09-13T00:00:00.000+03:00",
                "explanation" : "",
                "drgCode" : "",
                "doctorCode" : "",
                "doctorStatus" : "",
                "diagnosisId" : "",
                "locationCode" : "910",
                "processCodeMain" : "17",
                "processCodeSub1" : "18",
                "processCodeSub2" : "109",
                "indemnityAmount" : "96.55",
                "processGroup" : "HIAT",
                "processCount" : "1",
                "instIndemnityAmount" : "96.55",
                "orderNo" : "13",
                "procType" : "",
                "physiotherapySession" : "",
                "processDate" : "",
                "sfNo" : "1",
                "userId" : "MEDISER28",
                "statusCode" : "PP",
                "swiftCode" : "",
                "timeStamp" : "2019-09-13T15:56:13.000+03:00",
                "sgkAmount" : "",
                "vatRate" : "",
                "rightLeft" : "",
                "surgeryId" : "",
                "seqNo" : "8",
                "reqProcessName" : "",
                "reqProcessCode" : "",
                "reqProcessListType" : "",
                "relatedProcess" : "",
                "relatedProcessListType" : ""
              },{
                "claimId" : "42650570",
                "addOrderNo" : "1",
                "breResultCode" : "",
                "coverCode" : "S762",
                "groupNo" : "0",
                "discountGroupCode" : "GENC",
                "entranceDate" : "2019-09-13T00:00:00.000+03:00",
                "explanation" : "",
                "drgCode" : "",
                "doctorCode" : "",
                "doctorStatus" : "",
                "diagnosisId" : "",
                "locationCode" : "910",
                "processCodeMain" : "17",
                "processCodeSub1" : "18",
                "processCodeSub2" : "110",
                "indemnityAmount" : "96.55",
                "processGroup" : "HIAT",
                "processCount" : "1",
                "instIndemnityAmount" : "96.55",
                "orderNo" : "16",
                "procType" : "",
                "physiotherapySession" : "",
                "processDate" : "",
                "sfNo" : "1",
                "userId" : "MEDISER28",
                "statusCode" : "PP",
                "swiftCode" : "",
                "timeStamp" : "2019-09-13T15:56:13.000+03:00",
                "sgkAmount" : "",
                "vatRate" : "",
                "rightLeft" : "",
                "surgeryId" : "",
                "seqNo" : "11",
                "reqProcessName" : "",
                "reqProcessCode" : "",
                "reqProcessListType" : "",
                "relatedProcess" : "",
                "relatedProcessListType" : ""
              },{
                "claimId" : "42650570",
                "addOrderNo" : "1",
                "breResultCode" : "",
                "coverCode" : "S762",
                "groupNo" : "0",
                "discountGroupCode" : "GENC",
                "entranceDate" : "2019-09-13T00:00:00.000+03:00",
                "explanation" : "",
                "drgCode" : "",
                "doctorCode" : "",
                "doctorStatus" : "",
                "diagnosisId" : "",
                "locationCode" : "910",
                "processCodeMain" : "17",
                "processCodeSub1" : "18",
                "processCodeSub2" : "113",
                "indemnityAmount" : "51.49",
                "processGroup" : "HIAT",
                "processCount" : "1",
                "instIndemnityAmount" : "51.49",
                "orderNo" : "19",
                "procType" : "",
                "physiotherapySession" : "",
                "processDate" : "",
                "sfNo" : "1",
                "userId" : "MEDISER28",
                "statusCode" : "PP",
                "swiftCode" : "",
                "timeStamp" : "2019-09-13T15:56:13.000+03:00",
                "sgkAmount" : "",
                "vatRate" : "",
                "rightLeft" : "",
                "surgeryId" : "",
                "seqNo" : "14",
                "reqProcessName" : "",
                "reqProcessCode" : "",
                "reqProcessListType" : "",
                "relatedProcess" : "",
                "relatedProcessListType" : ""
              },{
                "claimId" : "42650570",
                "addOrderNo" : "1",
                "breResultCode" : "",
                "coverCode" : "S762",
                "groupNo" : "0",
                "discountGroupCode" : "YOBA",
                "entranceDate" : "2019-09-13T00:00:00.000+03:00",
                "explanation" : "",
                "drgCode" : "",
                "doctorCode" : "",
                "doctorStatus" : "",
                "diagnosisId" : "",
                "locationCode" : "910",
                "processCodeMain" : "18",
                "processCodeSub1" : "10",
                "processCodeSub2" : "132",
                "indemnityAmount" : "96.55",
                "processGroup" : "HIAT",
                "processCount" : "1",
                "instIndemnityAmount" : "96.55",
                "orderNo" : "17",
                "procType" : "",
                "physiotherapySession" : "",
                "processDate" : "",
                "sfNo" : "1",
                "userId" : "MEDISER28",
                "statusCode" : "PP",
                "swiftCode" : "",
                "timeStamp" : "2019-09-13T15:56:13.000+03:00",
                "sgkAmount" : "",
                "vatRate" : "",
                "rightLeft" : "",
                "surgeryId" : "",
                "seqNo" : "12",
                "reqProcessName" : "",
                "reqProcessCode" : "",
                "reqProcessListType" : "",
                "relatedProcess" : "",
                "relatedProcessListType" : ""
              },{
                "claimId" : "42650570",
                "addOrderNo" : "1",
                "breResultCode" : "",
                "coverCode" : "S762",
                "groupNo" : "0",
                "discountGroupCode" : "ALGO",
                "entranceDate" : "2019-09-13T00:00:00.000+03:00",
                "explanation" : "",
                "drgCode" : "",
                "doctorCode" : "",
                "doctorStatus" : "",
                "diagnosisId" : "",
                "locationCode" : "910",
                "processCodeMain" : "18",
                "processCodeSub1" : "30",
                "processCodeSub2" : "114",
                "indemnityAmount" : "64.37",
                "processGroup" : "HIAT",
                "processCount" : "1",
                "instIndemnityAmount" : "64.37",
                "orderNo" : "11",
                "procType" : "",
                "physiotherapySession" : "",
                "processDate" : "",
                "sfNo" : "1",
                "userId" : "MEDISER28",
                "statusCode" : "PP",
                "swiftCode" : "",
                "timeStamp" : "2019-09-13T15:56:13.000+03:00",
                "sgkAmount" : "",
                "vatRate" : "",
                "rightLeft" : "",
                "surgeryId" : "",
                "seqNo" : "7",
                "reqProcessName" : "",
                "reqProcessCode" : "",
                "reqProcessListType" : "",
                "relatedProcess" : "",
                "relatedProcessListType" : ""
              },{
                "claimId" : "42650570",
                "addOrderNo" : "1",
                "breResultCode" : "",
                "coverCode" : "S762",
                "groupNo" : "0",
                "discountGroupCode" : "PEDİ",
                "entranceDate" : "2019-09-13T00:00:00.000+03:00",
                "explanation" : "",
                "drgCode" : "",
                "doctorCode" : "",
                "doctorStatus" : "",
                "diagnosisId" : "",
                "locationCode" : "910",
                "processCodeMain" : "22",
                "processCodeSub1" : "10",
                "processCodeSub2" : "105",
                "indemnityAmount" : "32.18",
                "processGroup" : "HIAT",
                "processCount" : "1",
                "instIndemnityAmount" : "32.18",
                "orderNo" : "10",
                "procType" : "",
                "physiotherapySession" : "",
                "processDate" : "",
                "sfNo" : "1",
                "userId" : "MEDISER28",
                "statusCode" : "PP",
                "swiftCode" : "",
                "timeStamp" : "2019-09-13T15:56:13.000+03:00",
                "sgkAmount" : "",
                "vatRate" : "",
                "rightLeft" : "",
                "surgeryId" : "",
                "seqNo" : "6",
                "reqProcessName" : "",
                "reqProcessCode" : "",
                "reqProcessListType" : "",
                "relatedProcess" : "",
                "relatedProcessListType" : ""
              },{
                "claimId" : "42650570",
                "addOrderNo" : "1",
                "breResultCode" : "",
                "coverCode" : "S762",
                "groupNo" : "0",
                "discountGroupCode" : "PEDİ",
                "entranceDate" : "2019-09-13T00:00:00.000+03:00",
                "explanation" : "",
                "drgCode" : "",
                "doctorCode" : "",
                "doctorStatus" : "",
                "diagnosisId" : "",
                "locationCode" : "910",
                "processCodeMain" : "22",
                "processCodeSub1" : "10",
                "processCodeSub2" : "107",
                "indemnityAmount" : "19.31",
                "processGroup" : "HIAT",
                "processCount" : "1",
                "instIndemnityAmount" : "19.31",
                "orderNo" : "8",
                "procType" : "",
                "physiotherapySession" : "",
                "processDate" : "",
                "sfNo" : "1",
                "userId" : "MEDISER28",
                "statusCode" : "PP",
                "swiftCode" : "",
                "timeStamp" : "2019-09-13T15:56:13.000+03:00",
                "sgkAmount" : "",
                "vatRate" : "",
                "rightLeft" : "",
                "surgeryId" : "",
                "seqNo" : "4",
                "reqProcessName" : "",
                "reqProcessCode" : "",
                "reqProcessListType" : "",
                "relatedProcess" : "",
                "relatedProcessListType" : ""
              },{
                "claimId" : "42650570",
                "addOrderNo" : "1",
                "breResultCode" : "",
                "coverCode" : "S762",
                "groupNo" : "0",
                "discountGroupCode" : "PEDİ",
                "entranceDate" : "2019-09-13T00:00:00.000+03:00",
                "explanation" : "",
                "drgCode" : "",
                "doctorCode" : "",
                "doctorStatus" : "",
                "diagnosisId" : "",
                "locationCode" : "910",
                "processCodeMain" : "22",
                "processCodeSub1" : "10",
                "processCodeSub2" : "112",
                "indemnityAmount" : "51.49",
                "processGroup" : "HIAT",
                "processCount" : "1",
                "instIndemnityAmount" : "51.49",
                "orderNo" : "20",
                "procType" : "",
                "physiotherapySession" : "",
                "processDate" : "",
                "sfNo" : "1",
                "userId" : "MEDISER28",
                "statusCode" : "PP",
                "swiftCode" : "",
                "timeStamp" : "2019-09-13T15:56:13.000+03:00",
                "sgkAmount" : "",
                "vatRate" : "",
                "rightLeft" : "",
                "surgeryId" : "",
                "seqNo" : "15",
                "reqProcessName" : "",
                "reqProcessCode" : "",
                "reqProcessListType" : "",
                "relatedProcess" : "",
                "relatedProcessListType" : ""
              },{
                "claimId" : "42650570",
                "addOrderNo" : "1",
                "breResultCode" : "",
                "coverCode" : "S762",
                "groupNo" : "0",
                "discountGroupCode" : "PEDİ",
                "entranceDate" : "2019-09-13T00:00:00.000+03:00",
                "explanation" : "",
                "drgCode" : "",
                "doctorCode" : "",
                "doctorStatus" : "",
                "diagnosisId" : "",
                "locationCode" : "910",
                "processCodeMain" : "22",
                "processCodeSub1" : "10",
                "processCodeSub2" : "123",
                "indemnityAmount" : "96.55",
                "processGroup" : "HIAT",
                "processCount" : "1",
                "instIndemnityAmount" : "96.55",
                "orderNo" : "14",
                "procType" : "",
                "physiotherapySession" : "",
                "processDate" : "",
                "sfNo" : "1",
                "userId" : "MEDISER28",
                "statusCode" : "PP",
                "swiftCode" : "",
                "timeStamp" : "2019-09-13T15:56:13.000+03:00",
                "sgkAmount" : "",
                "vatRate" : "",
                "rightLeft" : "",
                "surgeryId" : "",
                "seqNo" : "9",
                "reqProcessName" : "",
                "reqProcessCode" : "",
                "reqProcessListType" : "",
                "relatedProcess" : "",
                "relatedProcessListType" : ""
              },{
                "claimId" : "42650570",
                "addOrderNo" : "1",
                "breResultCode" : "",
                "coverCode" : "S762",
                "groupNo" : "0",
                "discountGroupCode" : "DERM",
                "entranceDate" : "2019-09-13T00:00:00.000+03:00",
                "explanation" : "",
                "drgCode" : "",
                "doctorCode" : "",
                "doctorStatus" : "",
                "diagnosisId" : "",
                "locationCode" : "910",
                "processCodeMain" : "24",
                "processCodeSub1" : "10",
                "processCodeSub2" : "143",
                "indemnityAmount" : "25.75",
                "processGroup" : "HIAT",
                "processCount" : "1",
                "instIndemnityAmount" : "25.75",
                "orderNo" : "18",
                "procType" : "",
                "physiotherapySession" : "",
                "processDate" : "",
                "sfNo" : "1",
                "userId" : "MEDISER28",
                "statusCode" : "PP",
                "swiftCode" : "",
                "timeStamp" : "2019-09-13T15:56:13.000+03:00",
                "sgkAmount" : "",
                "vatRate" : "",
                "rightLeft" : "",
                "surgeryId" : "",
                "seqNo" : "13",
                "reqProcessName" : "",
                "reqProcessCode" : "",
                "reqProcessListType" : "",
                "relatedProcess" : "",
                "relatedProcessListType" : ""
              },{
                "claimId" : "42650570",
                "addOrderNo" : "1",
                "breResultCode" : "PP",
                "coverCode" : "S762",
                "groupNo" : "0",
                "discountGroupCode" : "DERM",
                "entranceDate" : "2019-09-13T00:00:00.000+03:00",
                "explanation" : "",
                "drgCode" : "",
                "doctorCode" : "",
                "doctorStatus" : "",
                "diagnosisId" : "",
                "locationCode" : "910",
                "processCodeMain" : "24",
                "processCodeSub1" : "10",
                "processCodeSub2" : "159",
                "indemnityAmount" : "38.62",
                "processGroup" : "DEAT",
                "processCount" : "1",
                "instIndemnityAmount" : "38.62",
                "orderNo" : "7",
                "procType" : "",
                "physiotherapySession" : "",
                "processDate" : "",
                "sfNo" : "1",
                "userId" : "MEDISER28",
                "statusCode" : "PP",
                "swiftCode" : "",
                "timeStamp" : "2019-09-13T15:56:13.000+03:00",
                "sgkAmount" : "",
                "vatRate" : "",
                "rightLeft" : "",
                "surgeryId" : "",
                "seqNo" : "3",
                "reqProcessName" : "",
                "reqProcessCode" : "",
                "reqProcessListType" : "",
                "relatedProcess" : "",
                "relatedProcessListType" : ""
              },{
                "claimId" : "42650570",
                "addOrderNo" : "1",
                "breResultCode" : "",
                "coverCode" : "S762",
                "groupNo" : "0",
                "discountGroupCode" : "DERM",
                "entranceDate" : "2019-09-13T00:00:00.000+03:00",
                "explanation" : "",
                "drgCode" : "",
                "doctorCode" : "",
                "doctorStatus" : "",
                "diagnosisId" : "",
                "locationCode" : "910",
                "processCodeMain" : "24",
                "processCodeSub1" : "10",
                "processCodeSub2" : "160",
                "indemnityAmount" : "19.31",
                "processGroup" : "HIAT",
                "processCount" : "1",
                "instIndemnityAmount" : "19.31",
                "orderNo" : "9",
                "procType" : "",
                "physiotherapySession" : "",
                "processDate" : "",
                "sfNo" : "1",
                "userId" : "MEDISER28",
                "statusCode" : "PP",
                "swiftCode" : "",
                "timeStamp" : "2019-09-13T15:56:13.000+03:00",
                "sgkAmount" : "",
                "vatRate" : "",
                "rightLeft" : "",
                "surgeryId" : "",
                "seqNo" : "5",
                "reqProcessName" : "",
                "reqProcessCode" : "",
                "reqProcessListType" : "",
                "relatedProcess" : "",
                "relatedProcessListType" : ""
              },{
                "claimId" : "42650570",
                "addOrderNo" : "1",
                "breResultCode" : "",
                "coverCode" : "S762",
                "groupNo" : "0",
                "discountGroupCode" : "GAST",
                "entranceDate" : "2019-09-13T00:00:00.000+03:00",
                "explanation" : "",
                "drgCode" : "",
                "doctorCode" : "",
                "doctorStatus" : "",
                "diagnosisId" : "",
                "locationCode" : "910",
                "processCodeMain" : "36",
                "processCodeSub1" : "13",
                "processCodeSub2" : "110",
                "indemnityAmount" : "108.62",
                "processGroup" : "HIAT",
                "processCount" : "1",
                "instIndemnityAmount" : "108.62",
                "orderNo" : "15",
                "procType" : "",
                "physiotherapySession" : "",
                "processDate" : "",
                "sfNo" : "1",
                "userId" : "MEDISER28",
                "statusCode" : "PP",
                "swiftCode" : "",
                "timeStamp" : "2019-09-13T15:56:13.000+03:00",
                "sgkAmount" : "",
                "vatRate" : "",
                "rightLeft" : "",
                "surgeryId" : "",
                "seqNo" : "10",
                "reqProcessName" : "",
                "reqProcessCode" : "",
                "reqProcessListType" : "",
                "relatedProcess" : "",
                "relatedProcessListType" : ""
              },{
                "claimId" : "42650570",
                "addOrderNo" : "1",
                "breResultCode" : "",
                "coverCode" : "S762",
                "groupNo" : "0",
                "discountGroupCode" : "KDC",
                "entranceDate" : "2019-09-13T00:00:00.000+03:00",
                "explanation" : "",
                "drgCode" : "",
                "doctorCode" : "",
                "doctorStatus" : "",
                "diagnosisId" : "",
                "locationCode" : "910",
                "processCodeMain" : "40",
                "processCodeSub1" : "100",
                "processCodeSub2" : "127",
                "indemnityAmount" : "51.49",
                "processGroup" : "HIAT",
                "processCount" : "1",
                "instIndemnityAmount" : "51.49",
                "orderNo" : "21",
                "procType" : "",
                "physiotherapySession" : "",
                "processDate" : "",
                "sfNo" : "1",
                "userId" : "MEDISER28",
                "statusCode" : "PP",
                "swiftCode" : "",
                "timeStamp" : "2019-09-13T15:56:13.000+03:00",
                "sgkAmount" : "",
                "vatRate" : "",
                "rightLeft" : "",
                "surgeryId" : "",
                "seqNo" : "16",
                "reqProcessName" : "",
                "reqProcessCode" : "",
                "reqProcessListType" : "",
                "relatedProcess" : "",
                "relatedProcessListType" : ""
              }],
                  "provisionList": [{
                "daySeance" : "0",
                "exemptionAmount" : "0",
                "entryDate" : "2019-09-13T15:56:13.000+03:00",
                "countryCode" : "",
                "exemptionRate" : "0.2",
                "addOrderNo" : "1",
                "addProcAmount" : "0",
                "doctorCode" : "",
                "doctorStatus" : "",
                "breResultCode" : "",
                "coverDistributionAmount" : "0",
                "claimId" : "42650570",
                "coverCode" : "S504",
                "isExGratia" : "0",
                "isPoolCover" : "0",
                "isSpecialCover" : "0",
                "procRequestAmount" : "0",
                "procRefusalAmount" : "0",
                "instExemptionAmount" : "0",
                "instRequestAmount" : "0",
                "provDateTime" : "2019-09-13T15:56:13.000+03:00",
                "orderNo" : "",
                "instAddProcAmount" : "0",
                "locationCode" : "910",
                "provisionTotal" : "0",
                "provisionExplanation" : "ff",
                "requestAmount" : "0",
                "refusalAmount" : "0",
                "swiftCode" : "TL",
                "reqCureDayCount" : "0",
                "statusCode" : "PR",
                "userId" : "MEDISER28",
                "sysRequestAmount" : "0",
                "sgkAmount" : "0",
                "timeStamp" : "",
                "subPackageId" : "",
                "subPackageDate" : "",
                "sfNo" : "1"
              },{
                "daySeance" : "0",
                "exemptionAmount" : "0",
                "entryDate" : "2019-09-13T15:56:13.000+03:00",
                "countryCode" : "",
                "exemptionRate" : "0.2",
                "addOrderNo" : "1",
                "addProcAmount" : "0",
                "doctorCode" : "",
                "doctorStatus" : "",
                "breResultCode" : "",
                "coverDistributionAmount" : "0",
                "claimId" : "42650570",
                "coverCode" : "S513",
                "isExGratia" : "0",
                "isPoolCover" : "0",
                "isSpecialCover" : "0",
                "procRequestAmount" : "244.59",
                "procRefusalAmount" : "0",
                "instExemptionAmount" : "0",
                "instRequestAmount" : "244.59",
                "provDateTime" : "2019-09-13T15:56:13.000+03:00",
                "orderNo" : "",
                "instAddProcAmount" : "0",
                "locationCode" : "910",
                "provisionTotal" : "195.672",
                "provisionExplanation" : "ff",
                "requestAmount" : "244.59",
                "refusalAmount" : "0",
                "swiftCode" : "TL",
                "reqCureDayCount" : "0",
                "statusCode" : "PP",
                "userId" : "MEDISER28",
                "sysRequestAmount" : "244.59",
                "sgkAmount" : "0",
                "timeStamp" : "",
                "subPackageId" : "",
                "subPackageDate" : "",
                "sfNo" : "1"
              },{
                "daySeance" : "0",
                "exemptionAmount" : "0",
                "entryDate" : "2019-09-13T15:56:13.000+03:00",
                "countryCode" : "",
                "exemptionRate" : "0",
                "addOrderNo" : "1",
                "addProcAmount" : "0",
                "doctorCode" : "",
                "doctorStatus" : "",
                "breResultCode" : "",
                "coverDistributionAmount" : "0",
                "claimId" : "42650570",
                "coverCode" : "S762",
                "isExGratia" : "0",
                "isPoolCover" : "0",
                "isSpecialCover" : "0",
                "procRequestAmount" : "1149.98",
                "procRefusalAmount" : "201.15",
                "instExemptionAmount" : "0",
                "instRequestAmount" : "1149.98",
                "provDateTime" : "2019-09-13T15:56:13.000+03:00",
                "orderNo" : "",
                "instAddProcAmount" : "0",
                "locationCode" : "910",
                "provisionTotal" : "948.83",
                "provisionExplanation" : "ff",
                "requestAmount" : "1149.98",
                "refusalAmount" : "201.15",
                "swiftCode" : "TL",
                "reqCureDayCount" : "0",
                "statusCode" : "PP",
                "userId" : "MEDISER28",
                "sysRequestAmount" : "1149.98",
                "sgkAmount" : "0",
                "timeStamp" : "",
                "subPackageId" : "",
                "subPackageDate" : "",
                "sfNo" : "1"
              }],
                  "rejectLossList": [{
                    "claimId" : "42650570",
                    "locationCode" : "910",
                    "addOrderNo" : "1",
                    "coverCode" : "S762",
                    "itemCode" : "12",
                    "entryDate" : "",
                    "barcode" : "0",
                    "isBreDecision" : "1",
                    "sfNo" : "1",
                    "processCodeMain" : "10",
                    "processCodeSub1" : "10",
                    "processCodeSub2" : "101",
                    "mainCode" : "15",
                    "subItemCode" : "21",
                    "refuseExplanation" : "Poliçede talep ile ilgili teminatın olmaması nedeniyle tarafımızdan karşılanamamaktadır.",
                    "refuseAmount" : "201.15",
                    "userId" : "MEDISER28",
                    "timeStamp" : "",
                    "seqNo" : "1",
                    "ubbCode" : "0"
                 }],
                  "vaccineList" : []
               },
               "userDto" : {
                  "userId" : "MEDISER131",
                  "userName" : "MEDISER131"
               }
          }