{
  "userDto" : {
    "userId" : "MEDISER131",
    "userName" : "MEDISER131",
    "departmentCode" : null,
    "name" : null,
    "password" : null,
    "email" : null,
    "age" : 0,
    "dob" : null,
    "type" : null,
    "userGroup" : null,
    "realUserType" : null,
    "regionCode" : null,
    "agentIntId" : null,
    "userRoles" : null,
    "subAgentIntId" : null
  },
  "logId" : 137898211,
  "contractId" : 489033702,
  "partitionNo" : 48,
  "instituteCode" : 175,
  "provisionUserType" : null,
  "realizationDate" : 1568379265000,
  "claimDetailDto" : {
    "claimId" : 42650570,
    "sfNo" : 1,
    "addOrderNo" : 1,
    "extReference" : "58691676",
    "provisionList" : [ {
      "claimId" : 42650570,
      "sfNo" : 1,
      "addOrderNo" : 1,
      "extReference" : null,
      "locationCode" : 910,
      "coverCode" : "S504",
      "addProcAmount" : 0,
      "breResultCode" : "",
      "countryCode" : "",
      "coverDistributionAmount" : 0,
      "daySeance" : 0,
      "doctorCode" : null,
      "doctorStatus" : "",
      "entryDate" : 1568379373000,
      "exemptionAmount" : 0,
      "exemptionRate" : 0.2,
      "instAddProcAmount" : 0,
      "instExemptionAmount" : 0,
      "instRequestAmount" : 0,
      "isExGratia" : 0,
      "isPoolCover" : 0,
      "isSpecialCover" : 0,
      "orderNo" : "",
      "procRefusalAmount" : 0,
      "procRequestAmount" : 0,
      "provDateTime" : 1568379373000,
      "provisionExplanation" : "ff",
      "provisionTotal" : 0,
      "refusalAmount" : 0,
      "reqCureDayCount" : 0,
      "requestAmount" : 0,
      "sgkAmount" : 0,
      "statusCode" : "PR",
      "subPackageDate" : null,
      "subPackageId" : null,
      "swiftCode" : "TL",
      "sysRequestAmount" : 0,
      "timeStamp" : null,
      "userId" : "MEDISER28",
      "parity" : null,
      "fdaySeance" : null,
      "rcoverPrice" : null
    }, {
      "claimId" : 42650570,
      "sfNo" : 1,
      "addOrderNo" : 1,
      "extReference" : null,
      "locationCode" : 910,
      "coverCode" : "S513",
      "addProcAmount" : 0,
      "breResultCode" : "",
      "countryCode" : "",
      "coverDistributionAmount" : 0,
      "daySeance" : 0,
      "doctorCode" : null,
      "doctorStatus" : "",
      "entryDate" : 1568379373000,
      "exemptionAmount" : 0,
      "exemptionRate" : 0.2,
      "instAddProcAmount" : 0,
      "instExemptionAmount" : 0,
      "instRequestAmount" : 244.59,
      "isExGratia" : 0,
      "isPoolCover" : 0,
      "isSpecialCover" : 0,
      "orderNo" : "",
      "procRefusalAmount" : 0,
      "procRequestAmount" : 244.59,
      "provDateTime" : 1568379373000,
      "provisionExplanation" : "ff",
      "provisionTotal" : 195.672,
      "refusalAmount" : 0,
      "reqCureDayCount" : 0,
      "requestAmount" : 244.59,
      "sgkAmount" : 0,
      "statusCode" : "PP",
      "subPackageDate" : null,
      "subPackageId" : null,
      "swiftCode" : "TL",
      "sysRequestAmount" : 244.59,
      "timeStamp" : null,
      "userId" : "MEDISER28",
      "parity" : null,
      "fdaySeance" : null,
      "rcoverPrice" : null
    }, {
      "claimId" : 42650570,
      "sfNo" : 1,
      "addOrderNo" : 1,
      "extReference" : null,
      "locationCode" : 910,
      "coverCode" : "S762",
      "addProcAmount" : 0,
      "breResultCode" : "",
      "countryCode" : "",
      "coverDistributionAmount" : 0,
      "daySeance" : 0,
      "doctorCode" : null,
      "doctorStatus" : "",
      "entryDate" : 1568379373000,
      "exemptionAmount" : 0,
      "exemptionRate" : 0,
      "instAddProcAmount" : 0,
      "instExemptionAmount" : 0,
      "instRequestAmount" : 1149.98,
      "isExGratia" : 0,
      "isPoolCover" : 0,
      "isSpecialCover" : 0,
      "orderNo" : "",
      "procRefusalAmount" : 201.15,
      "procRequestAmount" : 1149.98,
      "provDateTime" : 1568379373000,
      "provisionExplanation" : "ff",
      "provisionTotal" : 948.83,
      "refusalAmount" : 201.15,
      "reqCureDayCount" : 0,
      "requestAmount" : 1149.98,
      "sgkAmount" : 0,
      "statusCode" : "PP",
      "subPackageDate" : null,
      "subPackageId" : null,
      "swiftCode" : "TL",
      "sysRequestAmount" : 1149.98,
      "timeStamp" : null,
      "userId" : "MEDISER28",
      "parity" : null,
      "fdaySeance" : null,
      "rcoverPrice" : null
    } ],
    "processList" : [ {
      "claimId" : 42650570,
      "sfNo" : 1,
      "addOrderNo" : 1,
      "extReference" : null,
      "seqNo" : 1,
      "locationCode" : 910,
      "coverCode" : "S504",
      "groupNo" : 0,
      "processCodeMain" : 10,
      "processCodeSub1" : 10,
      "processCodeSub2" : 135,
      "breResultCode" : "",
      "diagnosisId" : null,
      "discountGroupCode" : "DRAT",
      "doctorCode" : null,
      "doctorStatus" : "",
      "drgCode" : "",
      "entranceDate" : 1568322000000,
      "explanation" : "",
      "indemnityAmount" : 0,
      "instIndemnityAmount" : 0,
      "orderNo" : "12",
      "physiotherapySession" : null,
      "procType" : "",
      "processCount" : 1,
      "processDate" : null,
      "processGroup" : "HIAT",
      "relatedProcess" : "",
      "relatedProcessListType" : "",
      "reqProcessCode" : "",
      "reqProcessListType" : "",
      "reqProcessName" : "",
      "rightLeft" : "",
      "sgkAmount" : null,
      "statusCode" : "PP",
      "surgeryId" : null,
      "swiftCode" : "",
      "timeStamp" : 1568379373000,
      "userid" : null,
      "vatRate" : null,
      "claimSurgeryDetailDto" : null,
      "healthClaimDiagnosisDto" : null,
      "notMatch" : false
    }, {
      "claimId" : 42650570,
      "sfNo" : 1,
      "addOrderNo" : 1,
      "extReference" : null,
      "seqNo" : 1,
      "locationCode" : 910,
      "coverCode" : "S513",
      "groupNo" : 0,
      "processCodeMain" : 74,
      "processCodeSub1" : 10,
      "processCodeSub2" : 111,
      "breResultCode" : "",
      "diagnosisId" : null,
      "discountGroupCode" : "RUTL",
      "doctorCode" : null,
      "doctorStatus" : "",
      "drgCode" : "",
      "entranceDate" : 1568322000000,
      "explanation" : "",
      "indemnityAmount" : 32.18,
      "instIndemnityAmount" : 32.18,
      "orderNo" : "2",
      "physiotherapySession" : null,
      "procType" : "",
      "processCount" : 1,
      "processDate" : null,
      "processGroup" : "HIAT",
      "relatedProcess" : "",
      "relatedProcessListType" : "",
      "reqProcessCode" : "",
      "reqProcessListType" : "",
      "reqProcessName" : "",
      "rightLeft" : "",
      "sgkAmount" : null,
      "statusCode" : "PP",
      "surgeryId" : null,
      "swiftCode" : "",
      "timeStamp" : 1568379373000,
      "userid" : null,
      "vatRate" : null,
      "claimSurgeryDetailDto" : null,
      "healthClaimDiagnosisDto" : null,
      "notMatch" : false
    }, {
      "claimId" : 42650570,
      "sfNo" : 1,
      "addOrderNo" : 1,
      "extReference" : null,
      "seqNo" : 2,
      "locationCode" : 910,
      "coverCode" : "S513",
      "groupNo" : 0,
      "processCodeMain" : 74,
      "processCodeSub1" : 10,
      "processCodeSub2" : 243,
      "breResultCode" : "",
      "diagnosisId" : null,
      "discountGroupCode" : "RUTL",
      "doctorCode" : null,
      "doctorStatus" : "",
      "drgCode" : "",
      "entranceDate" : 1568322000000,
      "explanation" : "",
      "indemnityAmount" : 32.18,
      "instIndemnityAmount" : 32.18,
      "orderNo" : "3",
      "physiotherapySession" : null,
      "procType" : "",
      "processCount" : 1,
      "processDate" : null,
      "processGroup" : "HIAT",
      "relatedProcess" : "",
      "relatedProcessListType" : "",
      "reqProcessCode" : "",
      "reqProcessListType" : "",
      "reqProcessName" : "",
      "rightLeft" : "",
      "sgkAmount" : null,
      "statusCode" : "PP",
      "surgeryId" : null,
      "swiftCode" : "",
      "timeStamp" : 1568379373000,
      "userid" : null,
      "vatRate" : null,
      "claimSurgeryDetailDto" : null,
      "healthClaimDiagnosisDto" : null,
      "notMatch" : false
    }, {
      "claimId" : 42650570,
      "sfNo" : 1,
      "addOrderNo" : 1,
      "extReference" : null,
      "seqNo" : 3,
      "locationCode" : 910,
      "coverCode" : "S513",
      "groupNo" : 0,
      "processCodeMain" : 74,
      "processCodeSub1" : 10,
      "processCodeSub2" : 526,
      "breResultCode" : "",
      "diagnosisId" : null,
      "discountGroupCode" : "RUTL",
      "doctorCode" : null,
      "doctorStatus" : "",
      "drgCode" : "",
      "entranceDate" : 1568322000000,
      "explanation" : "",
      "indemnityAmount" : 83.68,
      "instIndemnityAmount" : 83.68,
      "orderNo" : "4",
      "physiotherapySession" : null,
      "procType" : "",
      "processCount" : 1,
      "processDate" : null,
      "processGroup" : "HIAT",
      "relatedProcess" : "",
      "relatedProcessListType" : "",
      "reqProcessCode" : "",
      "reqProcessListType" : "",
      "reqProcessName" : "",
      "rightLeft" : "",
      "sgkAmount" : null,
      "statusCode" : "PP",
      "surgeryId" : null,
      "swiftCode" : "",
      "timeStamp" : 1568379373000,
      "userid" : null,
      "vatRate" : null,
      "claimSurgeryDetailDto" : null,
      "healthClaimDiagnosisDto" : null,
      "notMatch" : false
    }, {
      "claimId" : 42650570,
      "sfNo" : 1,
      "addOrderNo" : 1,
      "extReference" : null,
      "seqNo" : 4,
      "locationCode" : 910,
      "coverCode" : "S513",
      "groupNo" : 0,
      "processCodeMain" : 74,
      "processCodeSub1" : 10,
      "processCodeSub2" : 773,
      "breResultCode" : "",
      "diagnosisId" : null,
      "discountGroupCode" : "LABO",
      "doctorCode" : null,
      "doctorStatus" : "",
      "drgCode" : "",
      "entranceDate" : 1568322000000,
      "explanation" : "",
      "indemnityAmount" : 96.55,
      "instIndemnityAmount" : 96.55,
      "orderNo" : "5",
      "physiotherapySession" : null,
      "procType" : "",
      "processCount" : 1,
      "processDate" : null,
      "processGroup" : "HIAT",
      "relatedProcess" : "",
      "relatedProcessListType" : "",
      "reqProcessCode" : "",
      "reqProcessListType" : "",
      "reqProcessName" : "",
      "rightLeft" : "",
      "sgkAmount" : null,
      "statusCode" : "PP",
      "surgeryId" : null,
      "swiftCode" : "",
      "timeStamp" : 1568379373000,
      "userid" : null,
      "vatRate" : null,
      "claimSurgeryDetailDto" : null,
      "healthClaimDiagnosisDto" : null,
      "notMatch" : false
    }, {
      "claimId" : 42650570,
      "sfNo" : 1,
      "addOrderNo" : 1,
      "extReference" : null,
      "seqNo" : 2,
      "locationCode" : 910,
      "coverCode" : "S762",
      "groupNo" : 0,
      "processCodeMain" : 1,
      "processCodeSub1" : 10,
      "processCodeSub2" : 102,
      "breResultCode" : "",
      "diagnosisId" : null,
      "discountGroupCode" : "YAT",
      "doctorCode" : null,
      "doctorStatus" : "",
      "drgCode" : "",
      "entranceDate" : 1568322000000,
      "explanation" : "",
      "indemnityAmount" : null,
      "instIndemnityAmount" : 100,
      "orderNo" : "6",
      "physiotherapySession" : null,
      "procType" : "",
      "processCount" : 1,
      "processDate" : null,
      "processGroup" : "HIAT",
      "relatedProcess" : "",
      "relatedProcessListType" : "",
      "reqProcessCode" : "",
      "reqProcessListType" : "",
      "reqProcessName" : "",
      "rightLeft" : "",
      "sgkAmount" : null,
      "statusCode" : "PP",
      "surgeryId" : null,
      "swiftCode" : "",
      "timeStamp" : 1568379373000,
      "userid" : null,
      "vatRate" : null,
      "claimSurgeryDetailDto" : null,
      "healthClaimDiagnosisDto" : null,
      "notMatch" : false
    }, {
      "claimId" : 42650570,
      "sfNo" : 1,
      "addOrderNo" : 1,
      "extReference" : null,
      "seqNo" : 1,
      "locationCode" : 910,
      "coverCode" : "S762",
      "groupNo" : 0,
      "processCodeMain" : 10,
      "processCodeSub1" : 10,
      "processCodeSub2" : 101,
      "breResultCode" : "R",
      "diagnosisId" : null,
      "discountGroupCode" : "DRAT",
      "doctorCode" : null,
      "doctorStatus" : "",
      "drgCode" : "",
      "entranceDate" : 1568322000000,
      "explanation" : "",
      "indemnityAmount" : 201.15,
      "instIndemnityAmount" : 201.15,
      "orderNo" : "1",
      "physiotherapySession" : null,
      "procType" : "",
      "processCount" : 1,
      "processDate" : null,
      "processGroup" : "HIAT",
      "relatedProcess" : "",
      "relatedProcessListType" : "",
      "reqProcessCode" : "",
      "reqProcessListType" : "",
      "reqProcessName" : "",
      "rightLeft" : "",
      "sgkAmount" : null,
      "statusCode" : "PR",
      "surgeryId" : null,
      "swiftCode" : "",
      "timeStamp" : 1568379373000,
      "userid" : null,
      "vatRate" : null,
      "claimSurgeryDetailDto" : null,
      "healthClaimDiagnosisDto" : null,
      "notMatch" : false
    }, {
      "claimId" : 42650570,
      "sfNo" : 1,
      "addOrderNo" : 1,
      "extReference" : null,
      "seqNo" : 8,
      "locationCode" : 910,
      "coverCode" : "S762",
      "groupNo" : 0,
      "processCodeMain" : 17,
      "processCodeSub1" : 18,
      "processCodeSub2" : 109,
      "breResultCode" : "",
      "diagnosisId" : null,
      "discountGroupCode" : "GENC",
      "doctorCode" : null,
      "doctorStatus" : "",
      "drgCode" : "",
      "entranceDate" : 1568322000000,
      "explanation" : "",
      "indemnityAmount" : 96.55,
      "instIndemnityAmount" : 96.55,
      "orderNo" : "13",
      "physiotherapySession" : null,
      "procType" : "",
      "processCount" : 1,
      "processDate" : null,
      "processGroup" : "HIAT",
      "relatedProcess" : "",
      "relatedProcessListType" : "",
      "reqProcessCode" : "",
      "reqProcessListType" : "",
      "reqProcessName" : "",
      "rightLeft" : "",
      "sgkAmount" : null,
      "statusCode" : "PP",
      "surgeryId" : null,
      "swiftCode" : "",
      "timeStamp" : 1568379373000,
      "userid" : null,
      "vatRate" : null,
      "claimSurgeryDetailDto" : null,
      "healthClaimDiagnosisDto" : null,
      "notMatch" : false
    }, {
      "claimId" : 42650570,
      "sfNo" : 1,
      "addOrderNo" : 1,
      "extReference" : null,
      "seqNo" : 11,
      "locationCode" : 910,
      "coverCode" : "S762",
      "groupNo" : 0,
      "processCodeMain" : 17,
      "processCodeSub1" : 18,
      "processCodeSub2" : 110,
      "breResultCode" : "",
      "diagnosisId" : null,
      "discountGroupCode" : "GENC",
      "doctorCode" : null,
      "doctorStatus" : "",
      "drgCode" : "",
      "entranceDate" : 1568322000000,
      "explanation" : "",
      "indemnityAmount" : 96.55,
      "instIndemnityAmount" : 96.55,
      "orderNo" : "16",
      "physiotherapySession" : null,
      "procType" : "",
      "processCount" : 1,
      "processDate" : null,
      "processGroup" : "HIAT",
      "relatedProcess" : "",
      "relatedProcessListType" : "",
      "reqProcessCode" : "",
      "reqProcessListType" : "",
      "reqProcessName" : "",
      "rightLeft" : "",
      "sgkAmount" : null,
      "statusCode" : "PP",
      "surgeryId" : null,
      "swiftCode" : "",
      "timeStamp" : 1568379373000,
      "userid" : null,
      "vatRate" : null,
      "claimSurgeryDetailDto" : null,
      "healthClaimDiagnosisDto" : null,
      "notMatch" : false
    }, {
      "claimId" : 42650570,
      "sfNo" : 1,
      "addOrderNo" : 1,
      "extReference" : null,
      "seqNo" : 14,
      "locationCode" : 910,
      "coverCode" : "S762",
      "groupNo" : 0,
      "processCodeMain" : 17,
      "processCodeSub1" : 18,
      "processCodeSub2" : 113,
      "breResultCode" : "",
      "diagnosisId" : null,
      "discountGroupCode" : "GENC",
      "doctorCode" : null,
      "doctorStatus" : "",
      "drgCode" : "",
      "entranceDate" : 1568322000000,
      "explanation" : "",
      "indemnityAmount" : 51.49,
      "instIndemnityAmount" : 51.49,
      "orderNo" : "19",
      "physiotherapySession" : null,
      "procType" : "",
      "processCount" : 1,
      "processDate" : null,
      "processGroup" : "HIAT",
      "relatedProcess" : "",
      "relatedProcessListType" : "",
      "reqProcessCode" : "",
      "reqProcessListType" : "",
      "reqProcessName" : "",
      "rightLeft" : "",
      "sgkAmount" : null,
      "statusCode" : "PP",
      "surgeryId" : null,
      "swiftCode" : "",
      "timeStamp" : 1568379373000,
      "userid" : null,
      "vatRate" : null,
      "claimSurgeryDetailDto" : null,
      "healthClaimDiagnosisDto" : null,
      "notMatch" : false
    }, {
      "claimId" : 42650570,
      "sfNo" : 1,
      "addOrderNo" : 1,
      "extReference" : null,
      "seqNo" : 12,
      "locationCode" : 910,
      "coverCode" : "S762",
      "groupNo" : 0,
      "processCodeMain" : 18,
      "processCodeSub1" : 10,
      "processCodeSub2" : 132,
      "breResultCode" : "",
      "diagnosisId" : null,
      "discountGroupCode" : "YOBA",
      "doctorCode" : null,
      "doctorStatus" : "",
      "drgCode" : "",
      "entranceDate" : 1568322000000,
      "explanation" : "",
      "indemnityAmount" : 96.55,
      "instIndemnityAmount" : 96.55,
      "orderNo" : "17",
      "physiotherapySession" : null,
      "procType" : "",
      "processCount" : 1,
      "processDate" : null,
      "processGroup" : "HIAT",
      "relatedProcess" : "",
      "relatedProcessListType" : "",
      "reqProcessCode" : "",
      "reqProcessListType" : "",
      "reqProcessName" : "",
      "rightLeft" : "",
      "sgkAmount" : null,
      "statusCode" : "PP",
      "surgeryId" : null,
      "swiftCode" : "",
      "timeStamp" : 1568379373000,
      "userid" : null,
      "vatRate" : null,
      "claimSurgeryDetailDto" : null,
      "healthClaimDiagnosisDto" : null,
      "notMatch" : false
    }, {
      "claimId" : 42650570,
      "sfNo" : 1,
      "addOrderNo" : 1,
      "extReference" : null,
      "seqNo" : 7,
      "locationCode" : 910,
      "coverCode" : "S762",
      "groupNo" : 0,
      "processCodeMain" : 18,
      "processCodeSub1" : 30,
      "processCodeSub2" : 114,
      "breResultCode" : "",
      "diagnosisId" : null,
      "discountGroupCode" : "ALGO",
      "doctorCode" : null,
      "doctorStatus" : "",
      "drgCode" : "",
      "entranceDate" : 1568322000000,
      "explanation" : "",
      "indemnityAmount" : 64.37,
      "instIndemnityAmount" : 64.37,
      "orderNo" : "11",
      "physiotherapySession" : null,
      "procType" : "",
      "processCount" : 1,
      "processDate" : null,
      "processGroup" : "HIAT",
      "relatedProcess" : "",
      "relatedProcessListType" : "",
      "reqProcessCode" : "",
      "reqProcessListType" : "",
      "reqProcessName" : "",
      "rightLeft" : "",
      "sgkAmount" : null,
      "statusCode" : "PP",
      "surgeryId" : null,
      "swiftCode" : "",
      "timeStamp" : 1568379373000,
      "userid" : null,
      "vatRate" : null,
      "claimSurgeryDetailDto" : null,
      "healthClaimDiagnosisDto" : null,
      "notMatch" : false
    }, {
      "claimId" : 42650570,
      "sfNo" : 1,
      "addOrderNo" : 1,
      "extReference" : null,
      "seqNo" : 6,
      "locationCode" : 910,
      "coverCode" : "S762",
      "groupNo" : 0,
      "processCodeMain" : 22,
      "processCodeSub1" : 10,
      "processCodeSub2" : 105,
      "breResultCode" : "",
      "diagnosisId" : null,
      "discountGroupCode" : "PEDİ",
      "doctorCode" : null,
      "doctorStatus" : "",
      "drgCode" : "",
      "entranceDate" : 1568322000000,
      "explanation" : "",
      "indemnityAmount" : 32.18,
      "instIndemnityAmount" : 32.18,
      "orderNo" : "10",
      "physiotherapySession" : null,
      "procType" : "",
      "processCount" : 1,
      "processDate" : null,
      "processGroup" : "HIAT",
      "relatedProcess" : "",
      "relatedProcessListType" : "",
      "reqProcessCode" : "",
      "reqProcessListType" : "",
      "reqProcessName" : "",
      "rightLeft" : "",
      "sgkAmount" : null,
      "statusCode" : "PP",
      "surgeryId" : null,
      "swiftCode" : "",
      "timeStamp" : 1568379373000,
      "userid" : null,
      "vatRate" : null,
      "claimSurgeryDetailDto" : null,
      "healthClaimDiagnosisDto" : null,
      "notMatch" : false
    }, {
      "claimId" : 42650570,
      "sfNo" : 1,
      "addOrderNo" : 1,
      "extReference" : null,
      "seqNo" : 4,
      "locationCode" : 910,
      "coverCode" : "S762",
      "groupNo" : 0,
      "processCodeMain" : 22,
      "processCodeSub1" : 10,
      "processCodeSub2" : 107,
      "breResultCode" : "",
      "diagnosisId" : null,
      "discountGroupCode" : "PEDİ",
      "doctorCode" : null,
      "doctorStatus" : "",
      "drgCode" : "",
      "entranceDate" : 1568322000000,
      "explanation" : "",
      "indemnityAmount" : 19.31,
      "instIndemnityAmount" : 19.31,
      "orderNo" : "8",
      "physiotherapySession" : null,
      "procType" : "",
      "processCount" : 1,
      "processDate" : null,
      "processGroup" : "HIAT",
      "relatedProcess" : "",
      "relatedProcessListType" : "",
      "reqProcessCode" : "",
      "reqProcessListType" : "",
      "reqProcessName" : "",
      "rightLeft" : "",
      "sgkAmount" : null,
      "statusCode" : "PP",
      "surgeryId" : null,
      "swiftCode" : "",
      "timeStamp" : 1568379373000,
      "userid" : null,
      "vatRate" : null,
      "claimSurgeryDetailDto" : null,
      "healthClaimDiagnosisDto" : null,
      "notMatch" : false
    }, {
      "claimId" : 42650570,
      "sfNo" : 1,
      "addOrderNo" : 1,
      "extReference" : null,
      "seqNo" : 15,
      "locationCode" : 910,
      "coverCode" : "S762",
      "groupNo" : 0,
      "processCodeMain" : 22,
      "processCodeSub1" : 10,
      "processCodeSub2" : 112,
      "breResultCode" : "",
      "diagnosisId" : null,
      "discountGroupCode" : "PEDİ",
      "doctorCode" : null,
      "doctorStatus" : "",
      "drgCode" : "",
      "entranceDate" : 1568322000000,
      "explanation" : "",
      "indemnityAmount" : 51.49,
      "instIndemnityAmount" : 51.49,
      "orderNo" : "20",
      "physiotherapySession" : null,
      "procType" : "",
      "processCount" : 1,
      "processDate" : null,
      "processGroup" : "HIAT",
      "relatedProcess" : "",
      "relatedProcessListType" : "",
      "reqProcessCode" : "",
      "reqProcessListType" : "",
      "reqProcessName" : "",
      "rightLeft" : "",
      "sgkAmount" : null,
      "statusCode" : "PP",
      "surgeryId" : null,
      "swiftCode" : "",
      "timeStamp" : 1568379373000,
      "userid" : null,
      "vatRate" : null,
      "claimSurgeryDetailDto" : null,
      "healthClaimDiagnosisDto" : null,
      "notMatch" : false
    }, {
      "claimId" : 42650570,
      "sfNo" : 1,
      "addOrderNo" : 1,
      "extReference" : null,
      "seqNo" : 9,
      "locationCode" : 910,
      "coverCode" : "S762",
      "groupNo" : 0,
      "processCodeMain" : 22,
      "processCodeSub1" : 10,
      "processCodeSub2" : 123,
      "breResultCode" : "",
      "diagnosisId" : null,
      "discountGroupCode" : "PEDİ",
      "doctorCode" : null,
      "doctorStatus" : "",
      "drgCode" : "",
      "entranceDate" : 1568322000000,
      "explanation" : "",
      "indemnityAmount" : 96.55,
      "instIndemnityAmount" : 96.55,
      "orderNo" : "14",
      "physiotherapySession" : null,
      "procType" : "",
      "processCount" : 1,
      "processDate" : null,
      "processGroup" : "HIAT",
      "relatedProcess" : "",
      "relatedProcessListType" : "",
      "reqProcessCode" : "",
      "reqProcessListType" : "",
      "reqProcessName" : "",
      "rightLeft" : "",
      "sgkAmount" : null,
      "statusCode" : "PP",
      "surgeryId" : null,
      "swiftCode" : "",
      "timeStamp" : 1568379373000,
      "userid" : null,
      "vatRate" : null,
      "claimSurgeryDetailDto" : null,
      "healthClaimDiagnosisDto" : null,
      "notMatch" : false
    }, {
      "claimId" : 42650570,
      "sfNo" : 1,
      "addOrderNo" : 1,
      "extReference" : null,
      "seqNo" : 13,
      "locationCode" : 910,
      "coverCode" : "S762",
      "groupNo" : 0,
      "processCodeMain" : 24,
      "processCodeSub1" : 10,
      "processCodeSub2" : 143,
      "breResultCode" : "",
      "diagnosisId" : null,
      "discountGroupCode" : "DERM",
      "doctorCode" : null,
      "doctorStatus" : "",
      "drgCode" : "",
      "entranceDate" : 1568322000000,
      "explanation" : "",
      "indemnityAmount" : 25.75,
      "instIndemnityAmount" : 25.75,
      "orderNo" : "18",
      "physiotherapySession" : null,
      "procType" : "",
      "processCount" : 1,
      "processDate" : null,
      "processGroup" : "HIAT",
      "relatedProcess" : "",
      "relatedProcessListType" : "",
      "reqProcessCode" : "",
      "reqProcessListType" : "",
      "reqProcessName" : "",
      "rightLeft" : "",
      "sgkAmount" : null,
      "statusCode" : "PP",
      "surgeryId" : null,
      "swiftCode" : "",
      "timeStamp" : 1568379373000,
      "userid" : null,
      "vatRate" : null,
      "claimSurgeryDetailDto" : null,
      "healthClaimDiagnosisDto" : null,
      "notMatch" : false
    }, {
      "claimId" : 42650570,
      "sfNo" : 1,
      "addOrderNo" : 1,
      "extReference" : null,
      "seqNo" : 3,
      "locationCode" : 910,
      "coverCode" : "S762",
      "groupNo" : 0,
      "processCodeMain" : 24,
      "processCodeSub1" : 10,
      "processCodeSub2" : 159,
      "breResultCode" : "PP",
      "diagnosisId" : null,
      "discountGroupCode" : "DERM",
      "doctorCode" : null,
      "doctorStatus" : "",
      "drgCode" : "",
      "entranceDate" : 1568322000000,
      "explanation" : "",
      "indemnityAmount" : 38.62,
      "instIndemnityAmount" : 38.62,
      "orderNo" : "7",
      "physiotherapySession" : null,
      "procType" : "",
      "processCount" : 1,
      "processDate" : null,
      "processGroup" : "DEAT",
      "relatedProcess" : "",
      "relatedProcessListType" : "",
      "reqProcessCode" : "",
      "reqProcessListType" : "",
      "reqProcessName" : "",
      "rightLeft" : "",
      "sgkAmount" : null,
      "statusCode" : "PP",
      "surgeryId" : null,
      "swiftCode" : "",
      "timeStamp" : 1568379373000,
      "userid" : null,
      "vatRate" : null,
      "claimSurgeryDetailDto" : null,
      "healthClaimDiagnosisDto" : null,
      "notMatch" : false
    }, {
      "claimId" : 42650570,
      "sfNo" : 1,
      "addOrderNo" : 1,
      "extReference" : null,
      "seqNo" : 5,
      "locationCode" : 910,
      "coverCode" : "S762",
      "groupNo" : 0,
      "processCodeMain" : 24,
      "processCodeSub1" : 10,
      "processCodeSub2" : 160,
      "breResultCode" : "",
      "diagnosisId" : null,
      "discountGroupCode" : "DERM",
      "doctorCode" : null,
      "doctorStatus" : "",
      "drgCode" : "",
      "entranceDate" : 1568322000000,
      "explanation" : "",
      "indemnityAmount" : 19.31,
      "instIndemnityAmount" : 19.31,
      "orderNo" : "9",
      "physiotherapySession" : null,
      "procType" : "",
      "processCount" : 1,
      "processDate" : null,
      "processGroup" : "HIAT",
      "relatedProcess" : "",
      "relatedProcessListType" : "",
      "reqProcessCode" : "",
      "reqProcessListType" : "",
      "reqProcessName" : "",
      "rightLeft" : "",
      "sgkAmount" : null,
      "statusCode" : "PP",
      "surgeryId" : null,
      "swiftCode" : "",
      "timeStamp" : 1568379373000,
      "userid" : null,
      "vatRate" : null,
      "claimSurgeryDetailDto" : null,
      "healthClaimDiagnosisDto" : null,
      "notMatch" : false
    }, {
      "claimId" : 42650570,
      "sfNo" : 1,
      "addOrderNo" : 1,
      "extReference" : null,
      "seqNo" : 10,
      "locationCode" : 910,
      "coverCode" : "S762",
      "groupNo" : 0,
      "processCodeMain" : 36,
      "processCodeSub1" : 13,
      "processCodeSub2" : 110,
      "breResultCode" : "",
      "diagnosisId" : null,
      "discountGroupCode" : "GAST",
      "doctorCode" : null,
      "doctorStatus" : "",
      "drgCode" : "",
      "entranceDate" : 1568322000000,
      "explanation" : "",
      "indemnityAmount" : 108.62,
      "instIndemnityAmount" : 108.62,
      "orderNo" : "15",
      "physiotherapySession" : null,
      "procType" : "",
      "processCount" : 1,
      "processDate" : null,
      "processGroup" : "HIAT",
      "relatedProcess" : "",
      "relatedProcessListType" : "",
      "reqProcessCode" : "",
      "reqProcessListType" : "",
      "reqProcessName" : "",
      "rightLeft" : "",
      "sgkAmount" : null,
      "statusCode" : "PP",
      "surgeryId" : null,
      "swiftCode" : "",
      "timeStamp" : 1568379373000,
      "userid" : null,
      "vatRate" : null,
      "claimSurgeryDetailDto" : null,
      "healthClaimDiagnosisDto" : null,
      "notMatch" : false
    }, {
      "claimId" : 42650570,
      "sfNo" : 1,
      "addOrderNo" : 1,
      "extReference" : null,
      "seqNo" : 16,
      "locationCode" : 910,
      "coverCode" : "S762",
      "groupNo" : 0,
      "processCodeMain" : 40,
      "processCodeSub1" : 100,
      "processCodeSub2" : 127,
      "breResultCode" : "",
      "diagnosisId" : null,
      "discountGroupCode" : "KDC",
      "doctorCode" : null,
      "doctorStatus" : "",
      "drgCode" : "",
      "entranceDate" : 1568322000000,
      "explanation" : "",
      "indemnityAmount" : 51.49,
      "instIndemnityAmount" : 51.49,
      "orderNo" : "21",
      "physiotherapySession" : null,
      "procType" : "",
      "processCount" : 1,
      "processDate" : null,
      "processGroup" : "HIAT",
      "relatedProcess" : "",
      "relatedProcessListType" : "",
      "reqProcessCode" : "",
      "reqProcessListType" : "",
      "reqProcessName" : "",
      "rightLeft" : "",
      "sgkAmount" : null,
      "statusCode" : "PP",
      "surgeryId" : null,
      "swiftCode" : "",
      "timeStamp" : 1568379373000,
      "userid" : null,
      "vatRate" : null,
      "claimSurgeryDetailDto" : null,
      "healthClaimDiagnosisDto" : null,
      "notMatch" : false
    } ],
    "notMatchProcessList" : null,
    "itemList" : [ ],
    "rejectLossList" : [ {
      "claimId" : 42650570,
      "sfNo" : 1,
      "addOrderNo" : 1,
      "extReference" : null,
      "itemCode" : "12",
      "subItemCode" : "21",
      "barcode" : 0,
      "seqNo" : 1,
      "ubbCode" : "0",
      "locationCode" : 910,
      "coverCode" : "S762",
      "mainCode" : "15",
      "processCodeMain" : 10,
      "processCodeSub1" : 10,
      "processCodeSub2" : 101,
      "entryDate" : null,
      "isBreDecision" : "1",
      "refuseAmount" : 201.15,
      "refuseExplanation" : "Poliçede talep ile ilgili teminatın olmaması nedeniyle tarafımızdan karşılanamamaktadır.",
      "timeStamp" : null,
      "userid" : null,
      "fileLevelReject" : false
    } ],
    "medicineList" : [ ],
    "vaccineList" : [ ],
    "diagnosisList" : null,
    "webAuthorizationList" : null,
    "surgeryDetailDtoList" : null,
    "patientInfoForm" : null,
    "patientRelationDetailDto" : null,
    "affluentFlag" : null,
    "beforeComplaintIllness" : "",
    "breResultCode" : "PP",
    "claimInstLoc" : "YI",
    "claimInstType" : "AK",
    "classDisease1" : "30B07",
    "classDisease2" : "",
    "classDisease3" : "",
    "closeDate" : null,
    "commDate" : null,
    "communicationExp1" : "",
    "communicationExp2" : "",
    "communicationNo" : null,
    "communicationNumber1" : "",
    "communicationNumber2" : "",
    "complaintStart" : "",
    "consultationDiagnosis" : "",
    "contractMessage" : "",
    "countryCode" : "",
    "cpaStatus" : "",
    "dateOfLoss" : 1568379265000,
    "deductionRate" : null,
    "dhInst" : null,
    "dischargeDate" : null,
    "doctorCode" : 104,
    "doctorStatus" : "",
    "doctorType" : "Anlaşmalı Doktor",
    "drDiplomaNo" : "",
    "drNameLastname" : "OYA GÜRBÜZ",
    "exGratiaFee" : null,
    "examDate" : null,
    "examinationsResults" : "",
    "explanation" : "",
    "extDoctorAmt" : null,
    "finalClassDisease1" : "30B07",
    "finalClassDisease2" : "",
    "finalClassDisease3" : "",
    "fromCityCode" : "",
    "fromDistrictCode" : "",
    "fromToPlace" : "",
    "groupCode" : "S41685",
    "hasUnreadableDoc" : "",
    "hlthSrvPay" : null,
    "hospitalAmt" : null,
    "hospitalRefNo" : "",
    "hospitalizeApprFormExpl1" : "",
    "hospitalizeApprFormExpl2" : "",
    "hospitalizeDate" : null,
    "identitiyType" : "",
    "identityNo" : "41965456976",
    "identityNumber" : "",
    "instGlnCode" : "",
    "instTaxNumber" : "",
    "instTaxOffice" : "",
    "instituteCode" : 175,
    "invoiceDate" : null,
    "invoiceExplanation" : "",
    "invoiceNo" : "",
    "invoiceTotal" : null,
    "ahek" : false,
    "automated" : false,
    "complementary" : false,
    "exGratia" : false,
    "extDoctor" : false,
    "judicial" : false,
    "ok" : false,
    "onlyExaminationFee" : false,
    "original" : false,
    "patientVisitMade" : false,
    "pregnant" : false,
    "referral" : false,
    "sgkUsed" : false,
    "suspense" : false,
    "urgentCure" : false,
    "web" : true,
    "wrongProvision" : false,
    "lastMenstDate" : null,
    "medicalBackground" : "",
    "medulaDate" : null,
    "nationality" : "",
    "origClaimInstLoc" : "YI",
    "origClaimInstType" : "AK",
    "otherCountry" : "",
    "otherCountryCity" : "",
    "packageDate" : 1561928400000,
    "packageId" : 283651,
    "partId" : 114153477,
    "patientAdmittanceDate" : null,
    "patientComplaint" : "",
    "paymentTotal" : null,
    "personalNotes" : "",
    "plannedTreatmentProc" : "",
    "possDischargeDate" : null,
    "possHospitalizeDate" : null,
    "prediagnosisDiagnosis" : "",
    "prescriptionDate" : null,
    "prescriptionNo" : null,
    "prescriptionType" : null,
    "processDate" : 1568379438000,
    "processExp" : "",
    "provDemandDate" : null,
    "provisionDate" : 1568379265000,
    "provisionFeeChargeDate" : null,
    "provisionUserId" : "MEDISER28",
    "realizationDate" : null,
    "referralInstituteName" : "",
    "relClaimId" : null,
    "requestAmount" : null,
    "requestSystem" : "PORTAL",
    "sgkRefNo" : "",
    "sgkTotal" : 0,
    "shippingDate" : null,
    "shippingNo" : null,
    "socSecInstApp" : null,
    "specialtySubject" : "1280",
    "statusCode" : "PP",
    "surgeryDate" : null,
    "suspenseDate" : null,
    "swiftCode" : "TL",
    "timeStamp" : null,
    "toCityCode" : "",
    "toDistrictCode" : "",
    "visitingReason" : null,
    "webLocationCode" : 910,
    "ytType" : "",
    "versionNo" : 1,
    "updateLimit" : true,
    "breDecisionLogList" : null,
    "previousStatusCode" : "PP",
    "denySms" : false,
    "verifiedFromMedula" : null,
    "eprescriptionNo" : null
  },
  "requestSystem" : null
}